{"sn-1": 0.3133342103532429, "sn-2": 0.33764280327910334, "headgroup": 0.5266283482935263, "total": 0.39253512064195756}