{"M_C3_M M_C3H3_M": [[-0.40606192714999195, 0.07174861935282947, 0.017401596240232433]], "M_C4_M M_C4H41_M": [[0.5137962831557782, 0.23925648670907204, 0.05802822154798188]], "M_C4_M M_C4H42_M": [[0.25840367676911824, 0.2394272591182868, 0.058069639940989744]], "M_C6_M M_C6H6_M": [[0.18851011262929207, 0.24319551419506452, 0.058983576041332364]], "M_C7_M M_C7H71_M": [[-0.28418982576261903, 0.13559727852573014, 0.03288717070046369]], "M_C7_M M_C7H72_M": [[-0.2557559893628635, 0.13115679859120352, 0.03181019612408198]], "M_C8_M M_C8H8_M": [[0.6222876246918077, 0.162754288850302, 0.03947371317365187]], "M_C14_M M_C14H14_M": [[0.6437633137114569, 0.14672665395150972, 0.035586440725619145]], "M_C15_M M_C15H151_M": [[0.4228289616319791, 0.18095301530385485, 0.04388755266892956]], "M_C15_M M_C15H152_M": [[-0.27944421202726033, 0.19892875542259006, 0.04824731003411769]], "M_C16_M M_C16H161_M": [[0.09737433436451394, 0.18493471187207838, 0.044853255934808677]], "M_C16_M M_C16H162_M": [[0.19359036071985083, 0.24765486450995872, 0.060065127357211194]], "M_C17_M M_C17H17_M": [[0.11351469807049004, 0.024298888533856026, 0.0058933461182469555]], "M_C18_M M_C18H181_M": [[-0.3275453071219183, 0.06695403015781665, 0.016238737553027547]], "M_C18_M M_C18H182_M": [[-0.32244768137385893, 0.07316865058134532, 0.017746004401811635]], "M_C18_M M_C18H183_M": [[-0.2954031180241482, 0.17780428339768858, 0.04312387300799568]], "M_C12_M M_C12H121_M": [[0.11861291898429423, 0.026303212076652382, 0.006379465981474107]], "M_C12_M M_C12H122_M": [[0.11991675643470777, 0.0219302373572814, 0.005318863824643383]], "M_C11_M M_C11H111_M": [[0.1111592649919219, 0.24158700030364375, 0.058593454119297]], "M_C11_M M_C11H112_M": [[-0.2929432401854444, 0.045427378558086796, 0.011017757652347691]], "M_C9_M M_C9H9_M": [[-0.10297703362743758, 0.19265974112637288, 0.046726850733422955]], "M_C19_M M_C19H191_M": [[0.45676035254797687, 0.23889467211134155, 0.05794046861837405]], "M_C19_M M_C19H192_M": [[-0.21659956531010965, 0.16098411447531766, 0.039044382825191744]], "M_C19_M M_C19H193_M": [[-0.3182589849914821, 0.1401296444399321, 0.03398643090035803]], "M_C1_M M_C1H11_M": [[0.5907273958771264, 0.14573532885931714, 0.03534600907477002]], "M_C1_M M_C1H12_M": [[-0.3384654921918965, 0.12692690262915254, 0.030784295663087286]], "M_C2_M M_C2H21_M": [[-0.2839729842763605, 0.1561211670836327, 0.037864944840030626]], "M_C2_M M_C2H22_M": [[-0.2974575761588216, 0.1796847136541106, 0.043579944335574224]], "M_C20_M M_C20H20_M": [[-0.4162987373189225, 0.05435145485783708, 0.013182164075579553]], "M_C21_M M_C21H211_M": [[0.12841992650443884, 0.0404151304284074, 0.009802108919378709]], "M_C21_M M_C21H212_M": [[0.10697322904768224, 0.03479088074223727, 0.008438028006383035]], "M_C21_M M_C21H213_M": [[0.11869136960512223, 0.030861349136392564, 0.007484976602259465]], "M_C22_M M_C22H221_M": [[0.052429833908516826, 0.23732371852968814, 0.05755945640954467]], "M_C22_M M_C22H222_M": [[-0.39373305098533895, 0.07514581908629227, 0.018225538200961094]], "M_C23_M M_C23H231_M": [[0.04713226185725697, 0.17944071081499108, 0.043520764954477736]], "M_C23_M M_C23H232_M": [[-0.3626607279984564, 0.06235928110286015, 0.015124347219098574]], "M_C24_M M_C24H241_M": [[-0.21941476254740527, 0.08640951642981255, 0.02095738607639187]], "M_C24_M M_C24H242_M": [[-0.3008245234772847, 0.07172154625570522, 0.017395030049699733]], "M_C25_M M_C25H25_M": [[-0.22743497101677881, 0.0787968296701796, 0.019111038334938477]], "M_C26_M M_C26H261_M": [[-0.03341380403437, 0.047663517774801954, 0.011560101074941959]], "M_C26_M M_C26H262_M": [[-0.03135905804684477, 0.04824567409913419, 0.011701294722932732]], "M_C26_M M_C26H263_M": [[-0.02709598426053602, 0.04897655201097, 0.01187855865410508]], "M_C27_M M_C27H271_M": [[-0.006742076949329132, 0.03918247593075552, 0.009503146290336863]], "M_C27_M M_C27H272_M": [[-0.0025552400485350565, 0.043079473732663735, 0.010448307087987887]], "M_C27_M M_C27H273_M": [[0.0011002416792311952, 0.03736272253547466, 0.00906179126320043]]}