{"M_G1_M M_G1H1_M": [[-0.010693490076132836, 0.2779743681147045, 0.026625115639800426]], "M_G1_M M_G1H2_M": [[-0.20339501494296874, 0.2033716981448698, 0.019479475815321796]], "M_G1C3_M M_G1C3H1_M": [[-0.22152413918536623, 0.1698931272175357, 0.01627281029273767]], "M_G1C3_M M_G1C3H2_M": [[-0.21955772960012865, 0.1408779385160409, 0.013493659251843322]], "M_G1C4_M M_G1C4H1_M": [[-0.20837739386348467, 0.16040722448581182, 0.015364225595188045]], "M_G1C4_M M_G1C4H2_M": [[-0.20164926820326282, 0.1286893063809584, 0.012326200027856]], "M_G1C5_M M_G1C5H1_M": [[-0.24813233548503552, 0.11249234341747434, 0.010774812341138149]], "M_G1C5_M M_G1C5H2_M": [[-0.229426419946343, 0.13284630897200747, 0.012724368662799922]], "M_G1C6_M M_G1C6H1_M": [[-0.17630377933850247, 0.12097134274325816, 0.011586953183798964]], "M_G1C6_M M_G1C6H2_M": [[-0.1987960074936603, 0.12254282671404672, 0.011737474049201464]], "M_G1C7_M M_G1C7H1_M": [[-0.20442917808182393, 0.09059548756430097, 0.008677473931151342]], "M_G1C7_M M_G1C7H2_M": [[-0.20712791572475894, 0.10825656467255347, 0.010369098319111522]], "M_G1C8_M M_G1C8H1_M": [[-0.20003507476568833, 0.09574764254248205, 0.009170960877514825]], "M_G1C8_M M_G1C8H2_M": [[-0.20043321386996343, 0.0945225360291827, 0.009053616955451451]], "M_G1C9_M M_G1C9H1_M": [[-0.20072708701361466, 0.09125362753744529, 0.008740512307714578]], "M_G1C9_M M_G1C9H2_M": [[-0.2009801521377713, 0.09351514841343637, 0.008957126721674641]], "M_G1C10_M M_G1C10H1_M": [[-0.19687259186257303, 0.09007624473410032, 0.008627739488033461]], "M_G1C10_M M_G1C10H2_M": [[-0.19704205420213558, 0.08808903482350337, 0.008437399299371288]], "M_G1C11_M M_G1C11H1_M": [[-0.1938481403557068, 0.08530507199676564, 0.00817074402211849]], "M_G1C11_M M_G1C11H2_M": [[-0.18441629031921936, 0.08845928817750283, 0.008472863138836485]], "M_G1C12_M M_G1C12H1_M": [[-0.16861160201791722, 0.09066927287717468, 0.008684541282364712]], "M_G1C12_M M_G1C12H2_M": [[-0.17206405405120945, 0.08513172282715327, 0.008154140183000891]], "M_G1C13_M M_G1C13H1_M": [[-0.15789881733693, 0.08056440074707309, 0.007716670068863717]], "M_G1C13_M M_G1C13H2_M": [[-0.15986437332007455, 0.0827059570852879, 0.007921793964066127]], "M_G1C14_M M_G1C14H1_M": [[-0.12865983057897973, 0.07269722707898471, 0.0069631314958942415]], "M_G1C14_M M_G1C14H2_M": [[-0.1270669169513744, 0.07347815969408221, 0.007037931274466929]], "M_G1C15_M M_G1C15H1_M": [[-0.10860784748494755, 0.05466447519993066, 0.0052359071214313335]], "M_G1C15_M M_G1C15H2_M": [[-0.10666529269787495, 0.06309584756326901, 0.006043486128440599]], "M_G1C16_M M_G1C16H1_M": [[-0.07048148130012843, 0.04473781569946872, 0.004285105582033063]], "M_G1C16_M M_G1C16H2_M": [[-0.06260140975601491, 0.050314557572166796, 0.004819260577189427]], "M_G1C17_M M_G1C17H1_M": [[-0.018045190807726968, 0.018854961591411, 0.0018059777819088687]], "M_G1C17_M M_G1C17H2_M": [[-0.018959666886700866, 0.01844335944074037, 0.00176655344601228]], "M_G1C17_M M_G1C17H3_M": [[-0.015043829637727844, 0.018478042502171495, 0.0017698754808013473]], "M_G2_M M_G2H1_M": [[-0.2268364937553907, 0.20465082333194215, 0.019601993787948427]], "M_G2C3_M M_G2C3H1_M": [[-0.12181373937135712, 0.16898223013380864, 0.016185562175745162]], "M_G2C3_M M_G2C3H2_M": [[-0.08598453991083131, 0.19758251666289164, 0.018924972795986376]], "M_G2C4_M M_G2C4H1_M": [[-0.17130485267493697, 0.16075264297614297, 0.015397310686132103]], "M_G2C4_M M_G2C4H2_M": [[-0.16346708704462812, 0.14450448942550007, 0.013841019830420588]], "M_G2C5_M M_G2C5H1_M": [[-0.1618763641758674, 0.13948792547355265, 0.013360520148953775]], "M_G2C5_M M_G2C5H2_M": [[-0.15219354489579295, 0.1405520420617923, 0.013462444032829354]], "M_G2C6_M M_G2C6H1_M": [[-0.1795219481740062, 0.12224709542300605, 0.01170914812880935]], "M_G2C6_M M_G2C6H2_M": [[-0.18809126682520766, 0.12413534915020492, 0.01189001003411714]], "M_G2C7_M M_G2C7H1_M": [[-0.16420081456855912, 0.14347135620758214, 0.013742063615194897]], "M_G2C7_M M_G2C7H2_M": [[-0.18156877810163594, 0.12085562258769471, 0.011575869203126109]], "M_G2C8_M M_G2C8H1_M": [[-0.19137966176443896, 0.14324387753157147, 0.013720275109673864]], "M_G2C8_M M_G2C8H2_M": [[-0.20454417499134156, 0.10641228562381781, 0.010192448424095354]], "M_G2C9_M M_G2C9H1_M": [[-0.15644910755276528, 0.11104564323442148, 0.01063624359492192]], "M_G2C9_M M_G2C9H2_M": [[-0.15204943213268368, 0.13713895726132894, 0.013135529799272093]], "M_G2C10_M M_G2C10H1_M": [[-0.10344339645699734, 0.16445459889906272, 0.01575189375510237]], "M_G2C11_M M_G2C11H1_M": [[-0.03955149593199975, 0.14003554853897424, 0.013412972925599191]], "M_G2C12_M M_G2C12H1_M": [[-0.12542221512995663, 0.10127305801154127, 0.009700199694818072]], "M_G2C12_M M_G2C12H2_M": [[-0.13254981819023365, 0.10066040060957081, 0.009641517758473812]], "M_G2C13_M M_G2C13H1_M": [[-0.1657004423829606, 0.10307822055682807, 0.009873102908315315]], "M_G2C13_M M_G2C13H2_M": [[-0.17132651253035427, 0.09025802060339899, 0.00864515045859678]], "M_G2C14_M M_G2C14H1_M": [[-0.13510197990716177, 0.08869901166910114, 0.00849582448498027]], "M_G2C14_M M_G2C14H2_M": [[-0.13805232060724376, 0.07927388281607756, 0.007593060869278043]], "M_G2C15_M M_G2C15H1_M": [[-0.14081486193394685, 0.0721601178545089, 0.0069116857625704745]], "M_G2C15_M M_G2C15H2_M": [[-0.1421500532285397, 0.06899108639171742, 0.006608147599195022]], "M_G2C16_M M_G2C16H1_M": [[-0.10593083169079148, 0.06373505486286825, 0.006104711083766737]], "M_G2C16_M M_G2C16H2_M": [[-0.1126506160687186, 0.06517840228975207, 0.006242958694184301]], "M_G2C17_M M_G2C17H1_M": [[-0.0974895613783089, 0.05422094383936439, 0.005193424521884307]], "M_G2C17_M M_G2C17H2_M": [[-0.09253694361294493, 0.05441324091824163, 0.005211843241556293]], "M_G2C18_M M_G2C18H1_M": [[-0.06116591457112856, 0.04199205770986189, 0.004022109664502923]], "M_G2C18_M M_G2C18H2_M": [[-0.05926979112831657, 0.037481384574499475, 0.0035900655351938197]], "M_G2C19_M M_G2C19H1_M": [[-0.018885464747613746, 0.015452682725569235, 0.0014800985691733038]], "M_G2C19_M M_G2C19H2_M": [[-0.018259563807479513, 0.016024460376674054, 0.001534864935526324]], "M_G2C19_M M_G2C19H3_M": [[-0.020329582548806176, 0.016485878030841616, 0.0015790607312890015]], "M_G3_M M_G3H1_M": [[-0.1756076689388173, 0.20962504246895092, 0.020078437571736135]], "M_G3_M M_G3H2_M": [[-0.23993730164610055, 0.14087209697874448, 0.01349309973404646]], "M_G3C4_M M_G3C4H1_M": [[0.12102611456549119, 0.13495710725682325, 0.01292654647079955]], "M_G3C4_M M_G3C4H2_M": [[0.11923728233391093, 0.14098495642647085, 0.013503909708603247]], "M_G3C5_M M_G3C5H1_M": [[-0.033474780619540706, 0.13646729720519063, 0.013071196433621856]], "M_G3C5_M M_G3C5H2_M": [[-0.05477131058078079, 0.14001594278937063, 0.013411095035368012]], "M_G3N6C1_M M_G3N6C1H1_M": [[0.019348915292013272, 0.01601010614213146, 0.0015334900492114114]], "M_G3N6C1_M M_G3N6C1H2_M": [[0.01915855820273702, 0.015746227014637654, 0.0015082150127679324]], "M_G3N6C1_M M_G3N6C1H3_M": [[0.01850566483720429, 0.01612730623791989, 0.001544715782449071]], "M_G3N6C2_M M_G3N6C2H1_M": [[0.01896895205088523, 0.016247212166184855, 0.0015562006874336736]], "M_G3N6C2_M M_G3N6C2H2_M": [[0.01839691033349458, 0.01534069511254214, 0.001469372101235651]], "M_G3N6C2_M M_G3N6C2H3_M": [[0.019179176350593508, 0.01484382471730892, 0.001421780548745391]], "M_G3N6C3_M M_G3N6C3H1_M": [[0.01922021366710741, 0.01562977618987552, 0.001497061046678647]], "M_G3N6C3_M M_G3N6C3H2_M": [[0.018426067125637394, 0.015746622401805875, 0.0015082528839901886]], "M_G3N6C3_M M_G3N6C3H3_M": [[0.020114149685994686, 0.01549311579363929, 0.001483971354712267]]}