{"10.1039/c2cp42738a": {"M_G1_M M_G1H1_M": [-0.010693490076132836, 0.2779743681147045, 0.026625115639800426, -0.0, 0.02, 0.37959136286413236], "M_G1_M M_G1H2_M": [-0.20339501494296874, 0.2033716981448698, 0.019479475815321796, -0.15218787, 0.02, 0.09262679773579396], "M_G1C3_M M_G1C3H1_M": [-0.22152413918536623, 0.1698931272175357, 0.01627281029273767, -0.22972154, 0.02, 0.5331324068940388], "M_G1C3_M M_G1C3H2_M": [-0.21955772960012865, 0.1408779385160409, 0.013493659251843322, -0.22972154, 0.02, 0.5666054352235714], "M_G1C4_M M_G1C4H1_M": [-0.20837739386348467, 0.16040722448581182, 0.015364225595188045, -0.24750643, 0.02, 0.13447379781523022], "M_G1C4_M M_G1C4H2_M": [-0.20164926820326282, 0.1286893063809584, 0.012326200027856, -0.24750643, 0.02, 0.08270084883292303], "M_G1C5_M M_G1C5H1_M": [-0.24813233548503552, 0.11249234341747434, 0.010774812341138149, -0.22527532, 0.02, 0.33909421419592267], "M_G1C5_M M_G1C5H2_M": [-0.229426419946343, 0.13284630897200747, 0.012724368662799922, -0.22527532, 0.02, 0.6303189530536099], "M_G1C6_M M_G1C6H1_M": [-0.17630377933850247, 0.12097134274325816, 0.011586953183798964, -0.25343473, 0.02, 0.025900494628377062], "M_G1C6_M M_G1C6H2_M": [-0.1987960074936603, 0.12254282671404672, 0.011737474049201464, -0.25343473, 0.02, 0.054345446985581414], "M_G1C7_M M_G1C7H1_M": [-0.20442917808182393, 0.09059548756430097, 0.008677473931151342, -0.26232718, 0.02, 0.03633544182274077], "M_G1C7_M M_G1C7H2_M": [-0.20712791572475894, 0.10825656467255347, 0.010369098319111522, -0.26232718, 0.02, 0.04757309533006887], "M_G1C8_M M_G1C8H1_M": [-0.20003507476568833, 0.09574764254248205, 0.009170960877514825, -0.24602436, 0.02, 0.0640253273315481], "M_G1C8_M M_G1C8H2_M": [-0.20043321386996343, 0.0945225360291827, 0.009053616955451451, -0.24602436, 0.02, 0.06457658389622269], "M_G1C9_M M_G1C9H1_M": [-0.20072708701361466, 0.09125362753744529, 0.008740512307714578, -0.23861399, 0.02, 0.09697917376012072], "M_G1C9_M M_G1C9H2_M": [-0.2009801521377713, 0.09351514841343637, 0.008957126721674641, -0.23861399, 0.02, 0.10052458089801988], "M_G1C10_M M_G1C10H1_M": [-0.19687259186257303, 0.09007624473410032, 0.008627739488033461, -0.23120362, 0.02, 0.12236719494361786], "M_G1C10_M M_G1C10H2_M": [-0.19704205420213558, 0.08808903482350337, 0.008437399299371288, -0.23120362, 0.02, 0.1218434310942833], "M_G1C11_M M_G1C11H1_M": [-0.1938481403557068, 0.08530507199676564, 0.00817074402211849, -0.21786495, 0.02, 0.29613815507460395], "M_G1C11_M M_G1C11H2_M": [-0.18441629031921936, 0.08845928817750283, 0.008472863138836485, -0.21786495, 0.02, 0.12890996673576338], "M_G1C12_M M_G1C12H1_M": [-0.16861160201791722, 0.09066927287717468, 0.008684541282364712, -0.19563383, 0.02, 0.22542951788100996], "M_G1C12_M M_G1C12H2_M": [-0.17206405405120945, 0.08513172282715327, 0.008154140183000891, -0.19563383, 0.02, 0.3097581765232131], "M_G1C13_M M_G1C13H1_M": [-0.15789881733693, 0.08056440074707309, 0.007716670068863717, -0.16895649, 0.02, 0.6958586060168828], "M_G1C13_M M_G1C13H2_M": [-0.15986437332007455, 0.0827059570852879, 0.007921793964066127, -0.16895649, 0.02, 0.7154378640660415], "M_G1C14_M M_G1C14H1_M": [-0.12865983057897973, 0.07269722707898471, 0.0069631314958942415, -0.14672537, 0.02, 0.5286659255587622], "M_G1C14_M M_G1C14H2_M": [-0.1270669169513744, 0.07347815969408221, 0.007037931274466929, -0.14672537, 0.02, 0.4595289244412011], "M_G1C15_M M_G1C15H1_M": [-0.10860784748494755, 0.05466447519993066, 0.0052359071214313335, -0.1333867, 0.02, 0.22746585355959975], "M_G1C15_M M_G1C15H2_M": [-0.10666529269787495, 0.06309584756326901, 0.006043486128440599, -0.1333867, 0.02, 0.1921644697924928], "M_G1C16_M M_G1C16H1_M": [-0.07048148130012843, 0.04473781569946872, 0.004285105582033063, -0.09633484, 0.02, 0.17148919873409554], "M_G1C16_M M_G1C16H2_M": [-0.06260140975601491, 0.050314557572166796, 0.004819260577189427, -0.09633484, 0.02, 0.07895369738837049], "M_G1C17_M M_G1C17H1_M": [-0.018045190807726968, 0.018854961591411, 0.0018059777819088687, -0.03112356, 0.02, 0.9013969904804857], "M_G1C17_M M_G1C17H2_M": [-0.018959666886700866, 0.01844335944074037, 0.00176655344601228, -0.03112356, 0.02, 0.9119557006885091], "M_G1C17_M M_G1C17H3_M": [-0.015043829637727844, 0.018478042502171495, 0.0017698754808013473, -0.03112356, 0.02, 0.849411047303623], "M_G2_M M_G2H1_M": [-0.2268364937553907, 0.20465082333194215, 0.019601993787948427, -0.21515487, 0.02, 0.451382116348963], "M_G2C3_M M_G2C3H1_M": [-0.12181373937135712, 0.16898223013380864, 0.016185562175745162, -0.08892447, 0.02, 0.19140343050713338], "M_G2C3_M M_G2C3H2_M": [-0.08598453991083131, 0.19758251666289164, 0.018924972795986376, -0.14672537, 0.02, 0.06513526328411905], "M_G2C4_M M_G2C4H1_M": [-0.17130485267493697, 0.16075264297614297, 0.015397310686132103, -0.22972154, 0.02, 0.05962191678747703], "M_G2C4_M M_G2C4H2_M": [-0.16346708704462812, 0.14450448942550007, 0.013841019830420588, -0.22972154, 0.02, 0.041904000815175105], "M_G2C5_M M_G2C5H1_M": [-0.1618763641758674, 0.13948792547355265, 0.013360520148953775, -0.23268569, 0.02, 0.0353495653172959], "M_G2C5_M M_G2C5H2_M": [-0.15219354489579295, 0.1405520420617923, 0.013462444032829354, -0.23268569, 0.02, 0.027313446512913855], "M_G2C6_M M_G2C6H1_M": [-0.1795219481740062, 0.12224709542300605, 0.01170914812880935, -0.23713191, 0.02, 0.04840766731886183], "M_G2C6_M M_G2C6H2_M": [-0.18809126682520766, 0.12413534915020492, 0.01189001003411714, -0.23713191, 0.02, 0.06941115535333069], "M_G2C7_M M_G2C7H1_M": [-0.16420081456855912, 0.14347135620758214, 0.013742063615194897, -0.22379324, 0.02, 0.05191907423158814], "M_G2C7_M M_G2C7H2_M": [-0.18156877810163594, 0.12085562258769471, 0.011575869203126109, -0.22379324, 0.02, 0.09430435183874294], "M_G2C8_M M_G2C8H1_M": [-0.19137966176443896, 0.14324387753157147, 0.013720275109673864, -0.21193665, 0.02, 0.3832489681622656], "M_G2C8_M M_G2C8H2_M": [-0.20454417499134156, 0.10641228562381781, 0.010192448424095354, -0.21193665, 0.02, 0.6702043546301288], "M_G2C9_M M_G2C9H1_M": [-0.15644910755276528, 0.11104564323442148, 0.01063624359492192, -0.16154612, 0.02, 0.6750950855574105], "M_G2C9_M M_G2C9H2_M": [-0.15204943213268368, 0.13713895726132894, 0.013135529799272093, -0.16154612, 0.02, 0.5813429938184741], "M_G2C10_M M_G2C10H1_M": [-0.10344339645699734, 0.16445459889906272, 0.01575189375510237, -0.13635085, 0.02, 0.1893802072893388], "M_G2C11_M M_G2C11H1_M": [-0.03955149593199975, 0.14003554853897424, 0.013412972925599191, -0.03853394, 0.02, 0.6233879634171411], "M_G2C12_M M_G2C12H1_M": [-0.12542221512995663, 0.10127305801154127, 0.009700199694818072, -0.09337069, 0.02, 0.1570775823571482], "M_G2C12_M M_G2C12H2_M": [-0.13254981819023365, 0.10066040060957081, 0.009641517758473812, -0.09337069, 0.02, 0.0968650048701365], "M_G2C13_M M_G2C13H1_M": [-0.1657004423829606, 0.10307822055682807, 0.009873102908315315, -0.15561782, 0.02, 0.6497687112092569], "M_G2C13_M M_G2C13H2_M": [-0.17132651253035427, 0.09025802060339899, 0.00864515045859678, -0.15561782, 0.02, 0.5710525968842665], "M_G2C14_M M_G2C14H1_M": [-0.13510197990716177, 0.08869901166910114, 0.00849582448498027, -0.15413574, 0.02, 0.46782962048916465], "M_G2C14_M M_G2C14H2_M": [-0.13805232060724376, 0.07927388281607756, 0.007593060869278043, -0.15413574, 0.02, 0.585565248624101], "M_G2C15_M M_G2C15H1_M": [-0.14081486193394685, 0.0721601178545089, 0.0069116857625704745, -0.14227915, 0.02, 0.7872292873418586], "M_G2C15_M M_G2C15H2_M": [-0.1421500532285397, 0.06899108639171742, 0.006608147599195022, -0.14227915, 0.02, 0.7968380281570422], "M_G2C16_M M_G2C16H1_M": [-0.10593083169079148, 0.06373505486286825, 0.006104711083766737, -0.14227915, 0.02, 0.07940642340981668], "M_G2C16_M M_G2C16H2_M": [-0.1126506160687186, 0.06517840228975207, 0.006242958694184301, -0.14227915, 0.02, 0.14327122117054555], "M_G2C17_M M_G2C17H1_M": [-0.0974895613783089, 0.05422094383936439, 0.005193424521884307, -0.1333867, 0.02, 0.07101958532517767],