{"headgroup": 0.3889284066376751, "tails": 0.24038152664036222, "total": 0.2898971533061332}