{"M_G1_M M_G1H1_M": [[-0.010052704303293034, 0.26410514897937915, 0.033274121151004823]], "M_G1_M M_G1H2_M": [[-0.22884359405973312, 0.15605703220010692, 0.019661337978299137]], "M_G1C3_M M_G1C3H1_M": [[-0.23979394491384187, 0.12985052620399354, 0.016359628568887754]], "M_G1C3_M M_G1C3H2_M": [[-0.21663279841628366, 0.16069660023101248, 0.020245868606896363]], "M_G1C4_M M_G1C4H1_M": [[-0.21438189743501124, 0.12497672143723593, 0.015745586885481954]], "M_G1C4_M M_G1C4H2_M": [[-0.19017572367968527, 0.14478603845079202, 0.018241326240715772]], "M_G1C5_M M_G1C5H1_M": [[-0.24487873011796968, 0.11994936446054408, 0.015112199442040423]], "M_G1C5_M M_G1C5H2_M": [[-0.2486090684412905, 0.11674973153773899, 0.014709083584876756]], "M_G1C6_M M_G1C6H1_M": [[-0.2181385717384422, 0.1099319847816512, 0.013850128231618394]], "M_G1C6_M M_G1C6H2_M": [[-0.20696888874662772, 0.11733062680831342, 0.014782269509815496]], "M_G1C7_M M_G1C7H1_M": [[-0.22206722476233964, 0.10729517199209591, 0.01351792104614231]], "M_G1C7_M M_G1C7H2_M": [[-0.22226083922512907, 0.111893305604036, 0.01409723142862996]], "M_G1C8_M M_G1C8H1_M": [[-0.22594238185569143, 0.10645719890400776, 0.013412346360597257]], "M_G1C8_M M_G1C8H2_M": [[-0.22178112208433545, 0.08836159110199585, 0.01113251407170756]], "M_G1C9_M M_G1C9H1_M": [[-0.22646891576439632, 0.09223182486523915, 0.011620117693289817]], "M_G1C9_M M_G1C9H2_M": [[-0.2194400536836128, 0.09208184631508731, 0.011601222172066208]], "M_G1C10_M M_G1C10H1_M": [[-0.19293135698529135, 0.08292543978110699, 0.010447623381974837]], "M_G1C10_M M_G1C10H2_M": [[-0.2055946059646729, 0.0826216667164991, 0.010409351573215198]], "M_G1C11_M M_G1C11H1_M": [[-0.18499315152118775, 0.0867139943216043, 0.01092493638876343]], "M_G1C11_M M_G1C11H2_M": [[-0.19222196796798952, 0.08036053872747556, 0.010124476223622631]], "M_G1C12_M M_G1C12H1_M": [[-0.16358311321446067, 0.08922161392454454, 0.011240866762674401]], "M_G1C12_M M_G1C12H2_M": [[-0.1622028547748065, 0.08356814861730878, 0.010528597084165965]], "M_G1C13_M M_G1C13H1_M": [[-0.14565216241350815, 0.08588380371520152, 0.010820342203748017]], "M_G1C13_M M_G1C13H2_M": [[-0.14510696654727917, 0.08328524821908781, 0.010492954984190069]], "M_G1C14_M M_G1C14H1_M": [[-0.11026798681600748, 0.0719450339831741, 0.009064222285027115]], "M_G1C14_M M_G1C14H2_M": [[-0.12305435514147861, 0.06908633758763932, 0.008704060392816555]], "M_G1C15_M M_G1C15H1_M": [[-0.09606625437405944, 0.06381877387178807, 0.008040409744848471]], "M_G1C15_M M_G1C15H2_M": [[-0.09358688776246413, 0.058295692038258316, 0.007344566839982835]], "M_G1C16_M M_G1C16H1_M": [[-0.05969624372195237, 0.04215145381930522, 0.005310584009795492]], "M_G1C16_M M_G1C16H2_M": [[-0.061006725725671805, 0.0426810890130172, 0.00537731177208832]], "M_G1C17_M M_G1C17H1_M": [[-0.017655661701352743, 0.019254353669166845, 0.002425820545899976]], "M_G1C17_M M_G1C17H2_M": [[-0.016696229941946878, 0.02078157461433028, 0.00261823229913576]], "M_G1C17_M M_G1C17H3_M": [[-0.016726197111656127, 0.018956798096036575, 0.0023883320674369284]], "M_G2_M M_G2H1_M": [[-0.22626173962373008, 0.21904630927361643, 0.027597240949739543]], "M_G2C3_M M_G2C3H1_M": [[-0.10980044140411435, 0.17259210915564913, 0.021744561860855313]], "M_G2C3_M M_G2C3H2_M": [[-0.1068172882063579, 0.19259787903972125, 0.024265051951314377]], "M_G2C4_M M_G2C4H1_M": [[-0.18122666816217686, 0.15856367732448157, 0.01997714557945094]], "M_G2C4_M M_G2C4H2_M": [[-0.14733674965298457, 0.17072572096373867, 0.021509419051059953]], "M_G2C5_M M_G2C5H1_M": [[-0.19212131636357627, 0.14158019552426993, 0.017837427996624678]], "M_G2C5_M M_G2C5H2_M": [[-0.14960996478560623, 0.14644590263285526, 0.018450449470995913]], "M_G2C6_M M_G2C6H1_M": [[-0.21073039637927704, 0.11742005032581951, 0.014793535814038436]], "M_G2C6_M M_G2C6H2_M": [[-0.20322607166698936, 0.11032982032405687, 0.013900250798661628]], "M_G2C7_M M_G2C7H1_M": [[-0.17338203976467648, 0.1310122503301595, 0.016505992051263896]], "M_G2C7_M M_G2C7H2_M": [[-0.18983244948224454, 0.12939807618500987, 0.016302625224558363]], "M_G2C8_M M_G2C8H1_M": [[-0.20340430858391417, 0.09988515811624388, 0.012584347049616484]], "M_G2C8_M M_G2C8H2_M": [[-0.1919898234434112, 0.1503444856343606, 0.018941624760878142]], "M_G2C9_M M_G2C9H1_M": [[-0.15189085821002757, 0.13903274481923733, 0.017516479375543133]], "M_G2C9_M M_G2C9H2_M": [[-0.159147430792144, 0.09370761192385711, 0.011806049385917942]], "M_G2C10_M M_G2C10H1_M": [[-0.09389483570624792, 0.15882594295416877, 0.020010187942955327]], "M_G2C11_M M_G2C11H1_M": [[-0.02991598688856196, 0.13085666152140948, 0.016486389703895453]], "M_G2C12_M M_G2C12H1_M": [[-0.1254224414218001, 0.08259589886627805, 0.010406105129238737]], "M_G2C12_M M_G2C12H2_M": [[-0.1230109903827146, 0.08208290618768696, 0.010341474126764979]], "M_G2C13_M M_G2C13H1_M": [[-0.165364994458336, 0.08643267151340879, 0.010889493046448399]], "M_G2C13_M M_G2C13H2_M": [[-0.17043487234919813, 0.07530370427420885, 0.00948737496721468]], "M_G2C14_M M_G2C14H1_M": [[-0.1450819179083146, 0.07632872631281108, 0.009616515605429058]], "M_G2C14_M M_G2C14H2_M": [[-0.14077384598839798, 0.06831268651840695, 0.008606589519924742]], "M_G2C15_M M_G2C15H1_M": [[-0.1489474511616382, 0.06345043697675591, 0.007994003658041577]], "M_G2C15_M M_G2C15H2_M": [[-0.15517099589337044, 0.07244792862600982, 0.00912758105457997]], "M_G2C16_M M_G2C16H1_M": [[-0.12514066073021352, 0.06736240314199676, 0.008486865068066639]], "M_G2C16_M M_G2C16H2_M": [[-0.12520206263300188, 0.0655353256109366, 0.008256674936008587]], "M_G2C17_M M_G2C17H1_M": [[-0.10694773183139036, 0.05448111454681545, 0.006863975249547481]], "M_G2C17_M M_G2C17H2_M": [[-0.10705881453727295, 0.060258975197126675, 0.007591917268152692]], "M_G2C18_M M_G2C18H1_M": [[-0.06539038424904348, 0.045465266549247235, 0.0057280851705034256]], "M_G2C18_M M_G2C18H2_M": [[-0.058435925007865416, 0.04265269509734966, 0.005373734474964338]], "M_G2C19_M M_G2C19H1_M": [[-0.016277119271384793, 0.018637688159260462, 0.0023481279944083983]], "M_G2C19_M M_G2C19H2_M": [[-0.015765695591737953, 0.016397510273616238, 0.0020658921097435833]], "M_G2C19_M M_G2C19H3_M": [[-0.018200349812859055, 0.015722379050400012, 0.0019808335707452514]], "M_G3_M M_G3H1_M": [[-0.15117437304328987, 0.1846554456443828, 0.02326439940042105]], "M_G3_M M_G3H2_M": [[-0.24429034638016556, 0.10297503189484554, 0.012973634554414552]], "M_G3C4_M M_G3C4H1_M": [[0.12652409113669172, 0.11731120227199049, 0.014779822248270581]], "M_G3C4_M M_G3C4H2_M": [[0.09547952572454196, 0.13571247707019082, 0.017098164958870503]], "M_G3C5_M M_G3C5H1_M": [[-0.038608965694670566, 0.14377441226399176, 0.01811387332119034]], "M_G3C5_M M_G3C5H2_M": [[-0.05369412439290398, 0.13287809283579774, 0.016741066111051153]], "M_G3N6C1_M M_G3N6C1H1_M": [[0.01941643276917726, 0.015873328340605227, 0.001999851393719762]], "M_G3N6C1_M M_G3N6C1H2_M": [[0.01846642800379369, 0.015874673257887325, 0.002000020837370352]], "M_G3N6C1_M M_G3N6C1H3_M": [[0.01815633177269169, 0.014259441965929615, 0.001796520822686082]], "M_G3N6C2_M M_G3N6C2H1_M": [[0.022264650731536835, 0.015927403295633708, 0.0020066641976798742]], "M_G3N6C2_M M_G3N6C2H2_M": [[0.02021564111661391, 0.014271122477774768, 0.0017979924288540924]], "M_G3N6C2_M M_G3N6C2H3_M": [[0.0204876765989395, 0.014417339626024091, 0.0018164140579817482]], "M_G3N6C3_M M_G3N6C3H1_M": [[0.018072238832945828, 0.01585954282424985, 0.001998114581911622]], "M_G3N6C3_M M_G3N6C3H2_M": [[0.019432096280944323, 0.016573826893967594, 0.0020881059159082063]], "M_G3N6C3_M M_G3N6C3H3_M": [[0.017416922402620494, 0.01744919267093024, 0.0021983916374348727]]}