{"M_G1_M M_G1H1_M": [[-0.024348311749642283, 0.16710960760733579, 0.014828579809634194]], "M_G1_M M_G1H2_M": [[-0.15669119606776988, 0.15348064785159468, 0.013619205194051482]], "M_G1C3_M M_G1C3H1_M": [[-0.17556004368600808, 0.12557457404104702, 0.011142941569247883]], "M_G1C3_M M_G1C3H2_M": [[-0.2112229484160465, 0.0921507112477883, 0.008177053347304964]], "M_G1C4_M M_G1C4H1_M": [[-0.1638644742291629, 0.10758113261361794, 0.009546281831505207]], "M_G1C4_M M_G1C4H2_M": [[-0.18467092114890038, 0.09103334082662226, 0.008077902755639894]], "M_G1C5_M M_G1C5H1_M": [[-0.21020701449791007, 0.08274490830705568, 0.007342423300730533]], "M_G1C5_M M_G1C5H2_M": [[-0.22496508647593866, 0.08082232352192538, 0.007171821488331558]], "M_G1C6_M M_G1C6H1_M": [[-0.14872223656372885, 0.07856521083851653, 0.006971535125120706]], "M_G1C6_M M_G1C6H2_M": [[-0.14395510600379952, 0.10757512491870892, 0.009545748734786795]], "M_G1C7_M M_G1C7H1_M": [[-0.15894383714933374, 0.09539392274626607, 0.008464841830763709]], "M_G1C7_M M_G1C7H2_M": [[-0.16110211398679616, 0.08734754944512, 0.00775084165816731]], "M_G1C8_M M_G1C8H1_M": [[-0.16966446754210648, 0.08120139830300324, 0.007205458935786051]], "M_G1C8_M M_G1C8H2_M": [[-0.17438479368388457, 0.06640021917338418, 0.00589206667101591]], "M_G1C9_M M_G1C9H1_M": [[-0.16830071788109408, 0.06481388458928389, 0.00575130223908458]], "M_G1C9_M M_G1C9H2_M": [[-0.170265841603148, 0.07325422168896115, 0.006500261045791074]], "M_G1C10_M M_G1C10H1_M": [[-0.15043761880814788, 0.07635290757045979, 0.006775224954549437]], "M_G1C10_M M_G1C10H2_M": [[-0.1501767220238492, 0.06665076953662513, 0.005914299420591753]], "M_G1C11_M M_G1C11H1_M": [[-0.14255315141835437, 0.06479478239584432, 0.005749607193515308]], "M_G1C11_M M_G1C11H2_M": [[-0.13669559010668364, 0.07201744305833616, 0.006390514688931891]], "M_G1C12_M M_G1C12H1_M": [[-0.12357929443086288, 0.06400249195876515, 0.005679302785846273]], "M_G1C12_M M_G1C12H2_M": [[-0.11932911719896755, 0.0643437236835191, 0.005709582205064244]], "M_G1C13_M M_G1C13H1_M": [[-0.1077480505524856, 0.06160945822232489, 0.005466955379518011]], "M_G1C13_M M_G1C13H2_M": [[-0.10865559305089337, 0.0550879103751779, 0.0048882615861545586]], "M_G1C14_M M_G1C14H1_M": [[-0.08836623681967294, 0.04464563970208599, 0.0039616599006692494]], "M_G1C14_M M_G1C14H2_M": [[-0.08555489439641205, 0.045420906726927605, 0.004030453724772136]], "M_G1C15_M M_G1C15H1_M": [[-0.07166537521498706, 0.035429344731903616, 0.0031438459672202173]], "M_G1C15_M M_G1C15H2_M": [[-0.06873926132051153, 0.0345819137092319, 0.0030686486237953272]], "M_G1C16_M M_G1C16H1_M": [[-0.046410940525128244, 0.026381296777346186, 0.0023409615422216486]], "M_G1C16_M M_G1C16H2_M": [[-0.0459205383926621, 0.027693768295972736, 0.0024574245567693005]], "M_G1C17_M M_G1C17H1_M": [[-0.012873594621266846, 0.012296806464397984, 0.00109116512612137]], "M_G1C17_M M_G1C17H2_M": [[-0.01240559698052196, 0.013158104814973402, 0.0011675929959146158]], "M_G1C17_M M_G1C17H3_M": [[-0.013325750080947704, 0.013263893839238889, 0.0011769802538452918]], "M_G2_M M_G2H1_M": [[-0.18958912451644705, 0.16483072111926322, 0.014626361333693032]], "M_G2C3_M M_G2C3H1_M": [[-0.07971609429343698, 0.12621491454622794, 0.011199762600799391]], "M_G2C3_M M_G2C3H2_M": [[-0.05799947642516533, 0.14478334238314738, 0.012847444131870776]], "M_G2C4_M M_G2C4H1_M": [[-0.0890269499658076, 0.12441800581067514, 0.011040312734467445]], "M_G2C4_M M_G2C4H2_M": [[-0.13111416358185335, 0.10969821629886467, 0.00973414263041344]], "M_G2C5_M M_G2C5H1_M": [[-0.11572697366698306, 0.0995121529372991, 0.008830275667492421]], "M_G2C5_M M_G2C5H2_M": [[-0.14850107104419136, 0.08621398781454255, 0.007650254328995585]], "M_G2C6_M M_G2C6H1_M": [[-0.15587846154426066, 0.09160210847446928, 0.008128372723106129]], "M_G2C6_M M_G2C6H2_M": [[-0.16070469562557999, 0.08668544427771835, 0.007692089325146119]], "M_G2C7_M M_G2C7H1_M": [[-0.12761487921473708, 0.10278789429383524, 0.009120950709081012]], "M_G2C7_M M_G2C7H2_M": [[-0.15582837157482263, 0.07954184998817526, 0.0070581978358007355]], "M_G2C8_M M_G2C8H1_M": [[-0.1708285408110134, 0.08165841339488404, 0.007246012467454234]], "M_G2C8_M M_G2C8H2_M": [[-0.1691585828750096, 0.08153676258256898, 0.007235217703435881]], "M_G2C9_M M_G2C9H1_M": [[-0.1393088988233243, 0.07954293363028715, 0.0070582939934889215]], "M_G2C9_M M_G2C9H2_M": [[-0.14302762394835455, 0.07266997899444697, 0.006448417889985477]], "M_G2C10_M M_G2C10H1_M": [[-0.1055199626672597, 0.0998132340498203, 0.008856992295998215]], "M_G2C11_M M_G2C11H1_M": [[0.005922514223460745, 0.1173374512062924, 0.010412015112619919]], "M_G2C12_M M_G2C12H1_M": [[-0.08705363002809896, 0.07993000179904222, 0.007092640739402181]], "M_G2C12_M M_G2C12H2_M": [[-0.08877466145667048, 0.08033930103110085, 0.007128960173188805]], "M_G2C13_M M_G2C13H1_M": [[-0.1124676484698596, 0.07818293566371204, 0.0069376136886456115]], "M_G2C13_M M_G2C13H2_M": [[-0.11745315735985509, 0.08019348242389818, 0.007116020864159276]], "M_G2C14_M M_G2C14H1_M": [[-0.08296311789563221, 0.06678600525716945, 0.005926299650284811]], "M_G2C14_M M_G2C14H2_M": [[-0.09007534929001035, 0.05842628183864799, 0.005184494151050476]], "M_G2C15_M M_G2C15H1_M": [[-0.10035178606511988, 0.04631808859951471, 0.004110065742249167]], "M_G2C15_M M_G2C15H2_M": [[-0.09213722461664495, 0.05389034047020543, 0.004781994441088742]], "M_G2C16_M M_G2C16H1_M": [[-0.07188352779294702, 0.04400750184753192, 0.0039050343227549104]], "M_G2C16_M M_G2C16H2_M": [[-0.07270588407336591, 0.041977838302234276, 0.0037249308068704654]], "M_G2C17_M M_G2C17H1_M": [[-0.06802090637600877, 0.03221570099028131, 0.0028586811979129266]], "M_G2C17_M M_G2C17H2_M": [[-0.06534895198601366, 0.034341785348271744, 0.0030473406773759855]], "M_G2C18_M M_G2C18H1_M": [[-0.03826789428121032, 0.02661164771180818, 0.002361401882336142]], "M_G2C18_M M_G2C18H2_M": [[-0.03755986374936795, 0.024728779288164655, 0.002194324327126728]], "M_G2C19_M M_G2C19H1_M": [[-0.013085411630119803, 0.011624310151806313, 0.0010314907280677145]], "M_G2C19_M M_G2C19H2_M": [[-0.01015804726667171, 0.011224269216993772, 0.000995992835313833]], "M_G2C19_M M_G2C19H3_M": [[-0.012832335234012907, 0.011430606471132991, 0.0010143023058733814]], "M_G3_M M_G3H1_M": [[-0.25862350725968136, 0.09896308987798848, 0.008781554199516501]], "M_G3_M M_G3H2_M": [[-0.1852559235105965, 0.1464436257308487, 0.01299477045547657]], "M_G3C4_M M_G3C4H1_M": [[0.12424820526387467, 0.07738987292183756, 0.006867240750007841]], "M_G3C4_M M_G3C4H2_M": [[0.09443045878241806, 0.08367716724352577, 0.007425147904304341]], "M_G3C5_M M_G3C5H1_M": [[-0.06428842550715286, 0.08206565858263519, 0.007282149634282171]], "M_G3C5_M M_G3C5H2_M": [[-0.03885953015692937, 0.08684776577117588, 0.007706493028529888]], "M_G3N6C1_M M_G3N6C1H1_M": [[0.019499265953032762, 0.011629495308752744, 0.0010319508363445906]], "M_G3N6C1_M M_G3N6C1H2_M": [[0.01763300887770906, 0.01198460854395013, 0.0010634620404278122]], "M_G3N6C1_M M_G3N6C1H3_M": [[0.020186840482205134, 0.011652639641397398, 0.0010340045637674232]], "M_G3N6C2_M M_G3N6C2H1_M": [[0.019041822008599413, 0.01188197615337466, 0.001054354888442404]], "M_G3N6C2_M M_G3N6C2H2_M": [[0.019282621573714714, 0.012458078012411078, 0.0011054756619126732]], "M_G3N6C2_M M_G3N6C2H3_M": [[0.01942904204834645, 0.011724560650375368, 0.0010403865213154608]], "M_G3N6C3_M M_G3N6C3H1_M": [[0.019845748031607692, 0.012073661385589398, 0.001071364202298873]], "M_G3N6C3_M M_G3N6C3H2_M": [[0.018681328504160363, 0.010833950026466371, 0.0009613576078673814]], "M_G3N6C3_M M_G3N6C3H3_M": [[0.02051889535256581, 0.011536342928604162, 0.0010236848992553457]]}