{"sn-1": 0.4954163242453649, "sn-2": 0.40028208714709007, "headgroup": 0.5155625754445098, "total": 0.47042032894565494}