{"10.1039/c2cp42738a": {"M_G1_M M_G1H1_M": [-0.024348311749642283, 0.16710960760733579, 0.014828579809634194, -0.14991575, 0.02, 0.012106977628042304], "M_G1_M M_G1H2_M": [-0.15669119606776988, 0.15348064785159468, 0.013619205194051482, 0.0, 0.02, 0.007123794328647071], "M_G1C3_M M_G1C3H1_M": [-0.17556004368600808, 0.12557457404104702, 0.011142941569247883, -0.20987741, 0.02, 0.14611032347880368], "M_G1C3_M M_G1C3H2_M": [-0.2112229484160465, 0.0921507112477883, 0.008177053347304964, -0.20987741, 0.02, 0.7520513603522276], "M_G1C4_M M_G1C4H1_M": [-0.1638644742291629, 0.10758113261361794, 0.009546281831505207, -0.18840908, 0.02, 0.2913707617139017], "M_G1C4_M M_G1C4H2_M": [-0.18467092114890038, 0.09103334082662226, 0.008077902755639894, -0.18840908, 0.02, 0.748842001759342], "M_G1C5_M M_G1C5H1_M": [-0.21020701449791007, 0.08274490830705568, 0.007342423300730533, -0.18619612, 0.02, 0.2882350828631246], "M_G1C5_M M_G1C5H2_M": [-0.22496508647593866, 0.08082232352192538, 0.007171821488331558, -0.18619612, 0.02, 0.07752637714438648], "M_G1C6_M M_G1C6H1_M": [-0.14872223656372885, 0.07856521083851653, 0.006971535125120706, -0.20173615, 0.02, 0.03594305670500686], "M_G1C6_M M_G1C6H2_M": [-0.14395510600379952, 0.10757512491870892, 0.009545748734786795, -0.20173615, 0.02, 0.039904956316138884], "M_G1C7_M M_G1C7H1_M": [-0.15894383714933374, 0.09539392274626607, 0.008464841830763709, -0.19581075, 0.02, 0.10102091941244656], "M_G1C7_M M_G1C7H2_M": [-0.16110211398679616, 0.08734754944512, 0.00775084165816731, -0.19581075, 0.02, 0.10957590286107688], "M_G1C8_M M_G1C8H1_M": [-0.16966446754210648, 0.08120139830300324, 0.007205458935786051, -0.19507116, 0.02, 0.24499979282685208], "M_G1C8_M M_G1C8H2_M": [-0.17438479368388457, 0.06640021917338418, 0.00589206667101591, -0.19507116, 0.02, 0.41730813211934475], "M_G1C9_M M_G1C9H1_M": [-0.16830071788109408, 0.06481388458928389, 0.00575130223908458, -0.18174699, 0.02, 0.7165226965313554], "M_G1C9_M M_G1C9H2_M": [-0.170265841603148, 0.07325422168896115, 0.006500261045791074, -0.18174699, 0.02, 0.7277123657555602], "M_G1C10_M M_G1C10H1_M": [-0.15043761880814788, 0.07635290757045979, 0.006775224954549437, -0.17434532, 0.02, 0.28474070195511514], "M_G1C10_M M_G1C10H2_M": [-0.1501767220238492, 0.06665076953662513, 0.005914299420591753, -0.17434532, 0.02, 0.262199034407629], "M_G1C11_M M_G1C11H1_M": [-0.14255315141835437, 0.06479478239584432, 0.005749607193515308, -0.14991285, 0.02, 0.7981834369701881], "M_G1C11_M M_G1C11H2_M": [-0.13669559010668364, 0.07201744305833616, 0.006390514688931891, -0.14991285, 0.02, 0.6989756861240268], "M_G1C12_M M_G1C12H1_M": [-0.12357929443086288, 0.06400249195876515, 0.005679302785846273, -0.13658578, 0.02, 0.7286529051542983], "M_G1C12_M M_G1C12H2_M": [-0.11932911719896755, 0.0643437236835191, 0.005709582205064244, -0.13658578, 0.02, 0.5941696695016087], "M_G1C13_M M_G1C13H1_M": [-0.1077480505524856, 0.06160945822232489, 0.005466955379518011, -0.11585704, 0.02, 0.8016833943183546], "M_G1C13_M M_G1C13H2_M": [-0.10865559305089337, 0.0550879103751779, 0.0048882615861545586, -0.11585704, 0.02, 0.8272697740257116], "M_G1C14_M M_G1C14H1_M": [-0.08836623681967294, 0.04464563970208599, 0.0039616599006692494, -0.10623371, 0.02, 0.6240038137878475], "M_G1C14_M M_G1C14H2_M": [-0.08555489439641205, 0.045420906726927605, 0.004030453724772136, -0.10623371, 0.02, 0.4154526531261251], "M_G1C15_M M_G1C15H1_M": [-0.07166537521498706, 0.035429344731903616, 0.0031438459672202173, -0.08994829, 0.02, 0.6330417859311381], "M_G1C15_M M_G1C15H2_M": [-0.06873926132051153, 0.0345819137092319, 0.0030686486237953272, -0.08994829, 0.02, 0.3568731624235797], "M_G1C16_M M_G1C16H1_M": [-0.046410940525128244, 0.026381296777346186, 0.0023409615422216486, -0.06699789, 0.02, 0.40346312454975286], "M_G1C16_M M_G1C16H2_M": [-0.0459205383926621, 0.027693768295972736, 0.0024574245567693005, -0.06699789, 0.02, 0.349463488896987], "M_G1C17_M M_G1C17H1_M": [-0.012873594621266846, 0.012296806464397984, 0.00109116512612137, -0.01813583, 0.02, 0.9627352808399467], "M_G1C17_M M_G1C17H2_M": [-0.01240559698052196, 0.013158104814973402, 0.0011675929959146158, -0.01813583, 0.02, 0.9595784254378397], "M_G1C17_M M_G1C17H3_M": [-0.013325750080947704, 0.013263893839238889, 0.0011769802538452918, -0.01813583, 0.02, 0.9602959843165931], "M_G2_M M_G2H1_M": [-0.18958912451644705, 0.16483072111926322, 0.014626361333693032, -0.20691616, 0.02, 0.43866163316937734], "M_G2C3_M M_G2C3H1_M": [-0.07971609429343698, 0.12621491454622794, 0.011199762600799391, -0.0795825, 0.02, 0.6750095747611247], "M_G2C3_M M_G2C3H2_M": [-0.05799947642516533, 0.14478334238314738, 0.012847444131870776, -0.122519, 0.02, 0.04141090995709586], "M_G2C4_M M_G2C4H1_M": [-0.0890269499658076, 0.12441800581067514, 0.011040312734467445, -0.180265, 0.02, 0.017452649842155186], "M_G2C4_M M_G2C4H2_M": [-0.13111416358185335, 0.10969821629886467, 0.00973414263041344, -0.180265, 0.02, 0.05807037784015979], "M_G2C5_M M_G2C5H1_M": [-0.11572697366698306, 0.0995121529372991, 0.008830275667492421, -0.186187, 0.02, 0.024170647950771743], "M_G2C5_M M_G2C5H2_M": [-0.14850107104419136, 0.08621398781454255, 0.007650254328995585, -0.186187, 0.02, 0.08798348339495055], "M_G2C6_M M_G2C6H1_M": [-0.15587846154426066, 0.09160210847446928, 0.008128372723106129, -0.193592, 0.02, 0.092403306552468], "M_G2C6_M M_G2C6H2_M": [-0.16070469562557999, 0.08668544427771835, 0.007692089325146119, -0.193592, 0.02, 0.12531448766241318], "M_G2C7_M M_G2C7H1_M": [-0.12761487921473708, 0.10278789429383524, 0.009120950709081012, -0.166198, 0.02, 0.09607340482337329], "M_G2C7_M M_G2C7H2_M": [-0.15582837157482263, 0.07954184998817526, 0.0070581978358007355, -0.166198, 0.02, 0.7259894595741438], "M_G2C8_M M_G2C8H1_M": [-0.1708285408110134, 0.08165841339488404, 0.007246012467454234, -0.154356, 0.02, 0.581782220472052], "M_G2C8_M M_G2C8H2_M": [-0.1691585828750096, 0.08153676258256898, 0.007235217703435881, -0.154356, 0.02, 0.6330414173662461], "M_G2C9_M M_G2C9H1_M": [-0.1393088988233243, 0.07954293363028715, 0.0070582939934889215, -0.1203, 0.02, 0.4874269391325685], "M_G2C9_M M_G2C9H2_M": [-0.14302762394835455, 0.07266997899444697, 0.006448417889985477, -0.1203, 0.02, 0.32494334082630383], "M_G2C10_M M_G2C10H1_M": [-0.1055199626672597, 0.0998132340498203, 0.008856992295998215, -0.108455, 0.02, 0.730302907493318], "M_G2C11_M M_G2C11H1_M": [0.005922514223460745, 0.1173374512062924, 0.010412015112619919, -0.0225792, 0.02, 0.21472988970003987], "M_G2C12_M M_G2C12H1_M": [-0.08705363002809896, 0.07993000179904222, 0.007092640739402181, -0.0581141, 0.02, 0.16767935549746749], "M_G2C12_M M_G2C12H2_M": [-0.08877466145667048, 0.08033930103110085, 0.007128960173188805, -0.0581141, 0.02, 0.1431193065392351], "M_G2C13_M M_G2C13H1_M": [-0.1124676484698596, 0.07818293566371204, 0.0069376136886456115, -0.0995716, 0.02, 0.6876100742367448], "M_G2C13_M M_G2C13H2_M": [-0.11745315735985509, 0.08019348242389818, 0.007116020864159276, -0.0995716, 0.02, 0.5329961623616496], "M_G2C14_M M_G2C14H1_M": [-0.08296311789563221, 0.06678600525716945, 0.005926299650284811, -0.106234, 0.02, 0.2961440218257463], "M_G2C14_M M_G2C14H2_M": [-0.09007534929001035, 0.05842628183864799, 0.005184494151050476, -0.106234, 0.02, 0.6576461602293179], "M_G2C15_M M_G2C15H1_M": [-0.10035178606511988, 0.04631808859951471, 0.004110065742249167, -0.0943887, 0.02, 0.8593568792998671], "M_G2C15_M M_G2C15H2_M": [-0.09213722461664495, 0.05389034047020543, 0.004781994441088742, -0.0943887, 0.02, 0.8488447870194782], "M_G2C16_M M_G2C16H1_M": [-0.07188352779294702, 0.04400750184753192, 0.0039050343227549104, -0.0943887, 0.02, 0.28927624072972313], "M_G2C16_M M_G2C16H2_M": [-0.07270588407336591, 0.041977838302234276, 0.0037249308068704654, -0.0943887, 0.02, 0.336562924291123], "M_G2C17_M M_G2C17H1_M": [-0.06802090637600877, 0.03221570099028131, 0.0028586811979129266, -0.0899483, 0.02, 0.28950382595144963],