{"headgroup": 0.5155625754445098, "tails": 0.4478492056962275, "total": 0.47042032894565494}