{"sn-1": 0.3665911323993976, "sn-2": 0.3846710822552884, "headgroup": 0.5639678475730352, "total": 0.4384100207425738}