{"10.1039/c2cp42738a": {"M_G1_M M_G1H1_M": [0.017739368915615346, 0.08590195551490888, 0.0076225659397727834, -0.14991575, 0.02, 0.003495225324437962], "M_G1_M M_G1H2_M": [-0.16221495152414905, 0.06877256443946161, 0.006102578272459542, 0.0, 0.02, 0.002994040770250783], "M_G1C3_M M_G1C3H1_M": [-0.19822687343626122, 0.03451304484445285, 0.003062537500249548, -0.20987741, 0.02, 0.8573913778841151], "M_G1C3_M M_G1C3H2_M": [-0.16215455306288576, 0.041448844157960865, 0.0036779901671340634, -0.20987741, 0.02, 0.024714709380331303], "M_G1C4_M M_G1C4H1_M": [-0.12354463216509584, 0.03531753149988715, 0.003133924147293351, -0.18840908, 0.02, 0.010449501631702033], "M_G1C4_M M_G1C4H2_M": [-0.12633725713879837, 0.02972128041664456, 0.002637337164589122, -0.18840908, 0.02, 0.009702460223765252], "M_G1C5_M M_G1C5H1_M": [-0.14864186369675886, 0.030709089327280732, 0.0027249910312803468, -0.18619612, 0.02, 0.033961179609720775], "M_G1C5_M M_G1C5H2_M": [-0.1450574564277327, 0.03339412158408717, 0.00296324911638729, -0.18619612, 0.02, 0.02891659003682931], "M_G1C6_M M_G1C6H1_M": [-0.1692234847050826, 0.03344600136511021, 0.0029678527025270773, -0.20173615, 0.02, 0.056158618359890305], "M_G1C6_M M_G1C6H2_M": [-0.16965749570319616, 0.03134562126564189, 0.0027814741071759495, -0.20173615, 0.02, 0.05505997894267259], "M_G1C7_M M_G1C7H1_M": [-0.1803029661148352, 0.03248430641887386, 0.0028825160754655365, -0.19581075, 0.02, 0.7926215655551198], "M_G1C7_M M_G1C7H2_M": [-0.18111534755085956, 0.031837888052823234, 0.002825155720973422, -0.19581075, 0.02, 0.8183648560561498], "M_G1C8_M M_G1C8H1_M": [-0.17815495681338211, 0.03036869899322864, 0.0026947862734140017, -0.19507116, 0.02, 0.7482014874502968], "M_G1C8_M M_G1C8H2_M": [-0.17853507344798122, 0.03189715460764394, 0.0028304147772945038, -0.19507116, 0.02, 0.7573190810098377], "M_G1C9_M M_G1C9H1_M": [-0.17424322352512286, 0.028863181182873718, 0.0025611931705079682, -0.18174699, 0.02, 0.9060949878304384], "M_G1C9_M M_G1C9H2_M": [-0.1740525488331991, 0.02948242524270723, 0.002616142195249021, -0.18174699, 0.02, 0.903340562715214], "M_G1C10_M M_G1C10H1_M": [-0.16317981149386834, 0.027688738107431887, 0.0024569781997147693, -0.17434532, 0.02, 0.888613551484958], "M_G1C10_M M_G1C10H2_M": [-0.1629006626837658, 0.026750243355791195, 0.0023737002570226465, -0.17434532, 0.02, 0.8898679520169273], "M_G1C11_M M_G1C11H1_M": [-0.1532595984164564, 0.025058160023091396, 0.0022235521410480788, -0.14991285, 0.02, 0.9275241973152443], "M_G1C11_M M_G1C11H2_M": [-0.15205592344109625, 0.025477732780808546, 0.002260783202821477, -0.14991285, 0.02, 0.9275266635382207], "M_G1C12_M M_G1C12H1_M": [-0.139327406382038, 0.022990850100119732, 0.0020401080493351355, -0.13658578, 0.02, 0.9340677319851058], "M_G1C12_M M_G1C12H2_M": [-0.1383767698059052, 0.024035110762828608, 0.002132771198993326, -0.13658578, 0.02, 0.9318309928615507], "M_G1C13_M M_G1C13H1_M": [-0.12441373406856608, 0.021869509865795007, 0.0019406051937153122, -0.11585704, 0.02, 0.9249304242214884], "M_G1C13_M M_G1C13H2_M": [-0.1256897473108916, 0.01978833705074045, 0.0017559309692494602, -0.11585704, 0.02, 0.9268497322577772], "M_G1C14_M M_G1C14H1_M": [-0.10890707319101539, 0.01898606838682002, 0.001684741137126424, -0.10623371, 0.02, 0.9455378068539221], "M_G1C14_M M_G1C14H2_M": [-0.10926252734122341, 0.01798846146734036, 0.001596217837742541, -0.10623371, 0.02, 0.9481212290012251], "M_G1C15_M M_G1C15H1_M": [-0.09232160936791173, 0.015286927124860595, 0.0013564954293214806, -0.08994829, 0.02, 0.9562764842228169], "M_G1C15_M M_G1C15H2_M": [-0.09191909173664467, 0.015967517303208063, 0.0014168880418216107, -0.08994829, 0.02, 0.9545365184770264], "M_G1C16_M M_G1C16H1_M": [-0.06844806000649035, 0.011496235403372407, 0.001020125931896249, -0.06699789, 0.02, 0.9673857743334345], "M_G1C16_M M_G1C16H2_M": [-0.06837190858305983, 0.012089156359367402, 0.0010727391588833872, -0.06699789, 0.02, 0.9657253465784297], "M_G1C17_M M_G1C17H1_M": [-0.016858355010074447, 0.0052406659418509915, 0.00046503390371768066, -0.01813583, 0.02, 0.9851396043477009], "M_G1C17_M M_G1C17H2_M": [-0.01715927366292918, 0.004864646685516773, 0.00043166759024028313, -0.01813583, 0.02, 0.986228919997651], "M_G1C17_M M_G1C17H3_M": [-0.017477429078811293, 0.004563213019297853, 0.0004049196776526309, -0.01813583, 0.02, 0.9870987951210694], "M_G2_M M_G2H1_M": [-0.19802561121446802, 0.06500291722648675, 0.005768076173195986, -0.20691616, 0.02, 0.7848370181858322], "M_G2C3_M M_G2C3H1_M": [-0.17611242520254156, 0.038989047335673814, 0.0034597184949243147, -0.0795825, 0.02, 0.00493247450449974], "M_G2C3_M M_G2C3H2_M": [-0.16379691294159276, 0.05003736026797606, 0.004440097734778778, -0.122519, 0.02, 0.04245861516898841], "M_G2C4_M M_G2C4H1_M": [-0.1805038437718581, 0.03408594396406199, 0.00302463842561033, -0.180265, 0.02, 0.9044337213888474], "M_G2C4_M M_G2C4H2_M": [-0.17592600908611822, 0.03901415342214572, 0.0034619462998499956, -0.180265, 0.02, 0.8857753191631129], "M_G2C5_M M_G2C5H1_M": [-0.15592730229224247, 0.034189596944137354, 0.0030338361402693554, -0.186187, 0.02, 0.07232670481405692], "M_G2C5_M M_G2C5H2_M": [-0.14449157876363106, 0.03528258620516755, 0.0031308232538190604, -0.186187, 0.02, 0.029480484198921603], "M_G2C6_M M_G2C6H1_M": [-0.1703821825870233, 0.03299140882821413, 0.0029275141378524053, -0.193592, 0.02, 0.21383583407187856], "M_G2C6_M M_G2C6H2_M": [-0.16084063827286496, 0.03279548841519538, 0.0029101290124704375, -0.193592, 0.02, 0.05387939589418867], "M_G2C7_M M_G2C7H1_M": [-0.15465917415653874, 0.02908357010675169, 0.0025807495251286014, -0.166198, 0.02, 0.87977649074422], "M_G2C7_M M_G2C7H2_M": [-0.15165585892630856, 0.030269438612527087, 0.0026859783389197372, -0.166198, 0.02, 0.8297247600704428], "M_G2C8_M M_G2C8H1_M": [-0.1443938079260166, 0.029942196027883262, 0.002656940255155552, -0.154356, 0.02, 0.8894814719835537], "M_G2C8_M M_G2C8H2_M": [-0.14278599280108623, 0.028525654441778778, 0.0025312425154267078, -0.154356, 0.02, 0.8816814708477387], "M_G2C9_M M_G2C9H1_M": [-0.08854102149841779, 0.026260090893530576, 0.002330206259223317, -0.1203, 0.02, 0.04795007615347997], "M_G2C9_M M_G2C9H2_M": [-0.08902187694382191, 0.024991054821125742, 0.0022175975172700883, -0.1203, 0.02, 0.04804310301192568], "M_G2C10_M M_G2C10H1_M": [-0.06380919820911851, 0.029349175572974277, 0.002604318199067513, -0.108455, 0.02, 0.020694907843823218], "M_G2C11_M M_G2C11H1_M": [-0.03919009313273069, 0.021957815900775585, 0.0019484410872113865, -0.0225792, 0.02, 0.8169912719998638], "M_G2C12_M M_G2C12H1_M": [-0.05143650323061432, 0.021964302241275623, 0.0019490166568578863, -0.0581141, 0.02, 0.9305466020291874], "M_G2C12_M M_G2C12H2_M": [-0.05037251142881184, 0.02287245284855012, 0.0020296019921474083, -0.0581141, 0.02, 0.924525386266851], "M_G2C13_M M_G2C13H1_M": [-0.08664388128083428, 0.021099085152499284, 0.0018722410552795118, -0.0995716, 0.02, 0.8995443065983185], "M_G2C13_M M_G2C13H2_M": [-0.08819052377078641, 0.020803201748742832, 0.0018459856488443635, -0.0995716, 0.02, 0.9141366603221128], "M_G2C14_M M_G2C14H1_M": [-0.09134935046847519, 0.01849448927371357, 0.001641120544535623, -0.106234, 0.02, 0.8862173968284374], "M_G2C14_M M_G2C14H2_M": [-0.09019141814895996, 0.018148642169180176, 0.001610431576588581, -0.106234, 0.02, 0.8627682023859718], "M_G2C15_M M_G2C15H1_M": [-0.0956585354972699, 0.017820666312107866, 0.0015813284254181366, -0.0943887, 0.02, 0.9495680571654279], "M_G2C15_M M_G2C15H2_M": [-0.09544306240211275, 0.017332735091639108, 0.0015380315309551065, -0.0943887, 0.02, 0.9510042686354943], "M_G2C16_M M_G2C16H1_M": [-0.08737213420205456, 0.013657618805386481, 0.0012119176950083623, -0.0943887, 0.02, 0.956104443285325], "M_G2C16_M M_G2C16H2_M": [-0.0879438353155701, 0.014928581015866395, 0.0013246973540774866, -0.0943887, 0.02, 0.9530594049408678], "M_G2C17_M M_G2C17H1_M": [-0.08080803822727754, 0.013003675722243218, 0.0011538896298468806, -0.0899483, 0.02, 0.9537069735187357],