{"headgroup": 0.6310663736122916, "tails": 0.6989970855438634, "total": 0.6763535149000061}