{"M_G1_M M_G1H1_M": [[-0.002179646441673821, 0.16878438914160893, 0.014977192639262912]], "M_G1_M M_G1H2_M": [[-0.06588555475502177, 0.16708552930636883, 0.014826443205924324]], "M_G1C3_M M_G1C3H1_M": [[-0.15383993743444951, 0.10791209905133381, 0.00957565035379575]], "M_G1C3_M M_G1C3H2_M": [[-0.13700817428861634, 0.11275385722507848, 0.01000528691704485]], "M_G1C4_M M_G1C4H1_M": [[-0.1427831959219437, 0.105335476919304, 0.009347012111679523]], "M_G1C4_M M_G1C4H2_M": [[-0.14330600684570696, 0.09675557573883989, 0.008585668995416339]], "M_G1C5_M M_G1C5H1_M": [[-0.17137373256974808, 0.0819491079015723, 0.007271807433730367]], "M_G1C5_M M_G1C5H2_M": [[-0.17295793945709548, 0.07616111940592, 0.006758206506926103]], "M_G1C6_M M_G1C6H1_M": [[-0.1626957694256582, 0.07155575308936632, 0.00634954632900214]], "M_G1C6_M M_G1C6H2_M": [[-0.15907527623846063, 0.0675844255417766, 0.005997147993964413]], "M_G1C7_M M_G1C7H1_M": [[-0.16421765474729422, 0.0746510961308041, 0.006624213608671709]], "M_G1C7_M M_G1C7H2_M": [[-0.15756816213394564, 0.07049407639120511, 0.006255337756101265]], "M_G1C8_M M_G1C8H1_M": [[-0.16419652801764986, 0.0616190666285263, 0.005467807987696804]], "M_G1C8_M M_G1C8H2_M": [[-0.15864888465305543, 0.08018183875037822, 0.0071149876552101315]], "M_G1C9_M M_G1C9H1_M": [[-0.15923304180229908, 0.06902901594212224, 0.006125334663483087]], "M_G1C9_M M_G1C9H2_M": [[-0.16056656721465795, 0.0607452235707921, 0.005390266955147952]], "M_G1C10_M M_G1C10H1_M": [[-0.14868392918427298, 0.057432242724162884, 0.005096287443165218]], "M_G1C10_M M_G1C10H2_M": [[-0.1506713062997776, 0.06064062925498314, 0.005380985710449851]], "M_G1C11_M M_G1C11H1_M": [[-0.13821861665729182, 0.05900579137492451, 0.005235917306978845]], "M_G1C11_M M_G1C11H2_M": [[-0.14175259883373975, 0.0544660620471545, 0.004833081469980449]], "M_G1C12_M M_G1C12H1_M": [[-0.12306139663502591, 0.04788164535604532, 0.004248808968824065]], "M_G1C12_M M_G1C12H2_M": [[-0.12984618617660515, 0.054682140163680504, 0.004852255302304621]], "M_G1C13_M M_G1C13H1_M": [[-0.11184216041881705, 0.04345485288556648, 0.0038559946573727016]], "M_G1C13_M M_G1C13H2_M": [[-0.10743226408940226, 0.041951413747002314, 0.0037225860067611146]], "M_G1C14_M M_G1C14H1_M": [[-0.09314123872050731, 0.03788926152083506, 0.003362128284748248]], "M_G1C14_M M_G1C14H2_M": [[-0.09341437475422532, 0.03766632950911223, 0.0033423462675722993]], "M_G1C15_M M_G1C15H1_M": [[-0.07749550070554428, 0.03263998441035513, 0.00289633026337691]], "M_G1C15_M M_G1C15H2_M": [[-0.07677783651789151, 0.029575185265533186, 0.002624373316255841]], "M_G1C16_M M_G1C16H1_M": [[-0.054248984954760764, 0.024849488859654434, 0.0022050355695277567]], "M_G1C16_M M_G1C16H2_M": [[-0.05432164419208099, 0.024710801102568247, 0.0021927290211250818]], "M_G1C17_M M_G1C17H1_M": [[-0.010291579314009602, 0.011267368174479589, 0.0009998172493612418]], "M_G1C17_M M_G1C17H2_M": [[-0.011930381801736332, 0.00991017628432454, 0.0008793859435356576]], "M_G1C17_M M_G1C17H3_M": [[-0.011268656316789319, 0.010649256252512406, 0.0009449686856107134]], "M_G2_M M_G2H1_M": [[-0.12042477703079504, 0.15044426243314887, 0.013349769557436077]], "M_G2C3_M M_G2C3H1_M": [[-0.08987121191075383, 0.11948729329341687, 0.010602782749642582]], "M_G2C3_M M_G2C3H2_M": [[-0.11818456179753603, 0.10546912942425964, 0.009358871853706737]], "M_G2C4_M M_G2C4H1_M": [[-0.15119834849082775, 0.09004057147407574, 0.007989808720906795]], "M_G2C4_M M_G2C4H2_M": [[-0.10512729945146447, 0.1075418730698651, 0.009542798110334627]], "M_G2C5_M M_G2C5H1_M": [[-0.15647951210835898, 0.07819214032554665, 0.006938430470305203]], "M_G2C5_M M_G2C5H2_M": [[-0.13767460071483145, 0.08919796103746247, 0.007915039135323721]], "M_G2C6_M M_G2C6H1_M": [[-0.1541477703829502, 0.06803630299322468, 0.006037245633764495]], "M_G2C6_M M_G2C6H2_M": [[-0.1574771421123299, 0.08169185957028759, 0.007248980335600175]], "M_G2C7_M M_G2C7H1_M": [[-0.14387228265381768, 0.07468031495692273, 0.006626806360227095]], "M_G2C7_M M_G2C7H2_M": [[-0.14769509998747238, 0.07068207354790464, 0.006272019806176169]], "M_G2C8_M M_G2C8H1_M": [[-0.1743630137589306, 0.061705789358834306, 0.005475503385622119]], "M_G2C8_M M_G2C8H2_M": [[-0.17003182639723435, 0.062160081008209266, 0.005515815250846745]], "M_G2C9_M M_G2C9H1_M": [[-0.1397280925118617, 0.061269431256598395, 0.005436782865376569]], "M_G2C9_M M_G2C9H2_M": [[-0.1473225363693642, 0.05536003670638122, 0.004912408893292237]], "M_G2C10_M M_G2C10H1_M": [[-0.10432802616682628, 0.07586867118900106, 0.006732255924031086]], "M_G2C11_M M_G2C11H1_M": [[-0.01781909092457617, 0.08734763633734882, 0.007750849368605796]], "M_G2C12_M M_G2C12H1_M": [[-0.09025504362441684, 0.05378658868691075, 0.004772787959061736]], "M_G2C12_M M_G2C12H2_M": [[-0.0869744971906671, 0.06284441534732241, 0.0055765401038896465]], "M_G2C13_M M_G2C13H1_M": [[-0.11704168214161226, 0.05407848410250811, 0.0047986894887716396]], "M_G2C13_M M_G2C13H2_M": [[-0.11866646895003721, 0.05768537088493355, 0.005118748935282856]], "M_G2C14_M M_G2C14H1_M": [[-0.09036198785412144, 0.04321370566654629, 0.0038345963019201855]], "M_G2C14_M M_G2C14H2_M": [[-0.08654060307952108, 0.04329904953895226, 0.0038421693459920066]], "M_G2C15_M M_G2C15H1_M": [[-0.10070725978348366, 0.03842277477035051, 0.0034094699302299756]], "M_G2C15_M M_G2C15H2_M": [[-0.09740475300433929, 0.037576487782201455, 0.0033343741034531534]], "M_G2C16_M M_G2C16H1_M": [[-0.07531211376871971, 0.030752052072104435, 0.002728803358408516]], "M_G2C16_M M_G2C16H2_M": [[-0.0772096207598383, 0.03563859572790652, 0.0031624139905607157]], "M_G2C17_M M_G2C17H1_M": [[-0.0660848693095385, 0.02975874995983338, 0.002640662048894467]], "M_G2C17_M M_G2C17H2_M": [[-0.0677065705696019, 0.026050018639121746, 0.0023115653609835775]], "M_G2C18_M M_G2C18H1_M": [[-0.04244341129712114, 0.02119946153339444, 0.0018811480187774065]], "M_G2C18_M M_G2C18H2_M": [[-0.04285157421041502, 0.021917507776578003, 0.0019448643195724786]], "M_G2C19_M M_G2C19H1_M": [[-0.012640542050222001, 0.010516731958372093, 0.0009332090561045952]], "M_G2C19_M M_G2C19H2_M": [[-0.013712670981438815, 0.009928466810701518, 0.0008810089652997835]], "M_G2C19_M M_G2C19H3_M": [[-0.014564089371885285, 0.010047987264560904, 0.0008916146905738329]], "M_G3_M M_G3H1_M": [[-2.6123462891301102e-05, 0.1410491502730583, 0.012516088164240992]], "M_G3_M M_G3H2_M": [[-0.1000095724252976, 0.11603330786989666, 0.010296291104743678]], "M_G3C4_M M_G3C4H1_M": [[0.020478652112858042, 0.05389776962166437, 0.004782653671679396]], "M_G3C4_M M_G3C4H2_M": [[0.010489418211411741, 0.061156905257585506, 0.005426797797606305]], "M_G3C5_M M_G3C5H1_M": [[0.013735378713995397, 0.04250798752258293, 0.003771973943034291]], "M_G3C5_M M_G3C5H2_M": [[0.013837606697783649, 0.041517312444316445, 0.0036840657450926827]]}