{"sn-1": 0.284782234469881, "sn-2": 0.41746239199397994, "headgroup": 0.5917830090511561, "total": 0.4313425451716723}