{"10.1039/c2cp42738a": {"M_G1_M M_G1H1_M": [-0.031449975504456405, 0.04771734364034264, 0.004234229549130364, -0.14991575, 0.02, 0.003948787664505073], "M_G1_M M_G1H2_M": [-0.13711558702037138, 0.043518316102540415, 0.0038616261072417324, 0.0, 0.02, 0.002669834671923277], "M_G1C3_M M_G1C3H1_M": [-0.18545549949010454, 0.030109016856076684, 0.002671743209935914, -0.20987741, 0.02, 0.15388175298074885], "M_G1C3_M M_G1C3H2_M": [-0.20261717201187956, 0.030071975143581127, 0.0026684562894656286, -0.20987741, 0.02, 0.9032174891605044], "M_G1C4_M M_G1C4H1_M": [-0.16981111866779594, 0.02714706425338675, 0.002408912417678023, -0.18840908, 0.02, 0.6479394704689432], "M_G1C4_M M_G1C4H2_M": [-0.17912774594812364, 0.02734200137671368, 0.002426210290209123, -0.18840908, 0.02, 0.9028287948428909], "M_G1C5_M M_G1C5H1_M": [-0.20492093662800212, 0.023537383388303378, 0.0020886050364233707, -0.18619612, 0.02, 0.6573257425382608], "M_G1C5_M M_G1C5H2_M": [-0.2090708786794002, 0.022803007648653475, 0.002023439727129809, -0.18619612, 0.02, 0.1802128865656346], "M_G1C6_M M_G1C6H1_M": [-0.14287094175070836, 0.025862279453600617, 0.0022949062021491123, -0.20173615, 0.02, 0.009513792507181507], "M_G1C6_M M_G1C6H2_M": [-0.13971232992351856, 0.025488607796512266, 0.002261748204418947, -0.20173615, 0.02, 0.008340179733350236], "M_G1C7_M M_G1C7H1_M": [-0.15010572345665946, 0.02231126569469005, 0.0019798046847495647, -0.19581075, 0.02, 0.01487964593102903], "M_G1C7_M M_G1C7H2_M": [-0.15139162726112232, 0.02511859459617115, 0.0022289148422296894, -0.19581075, 0.02, 0.01796502507301964], "M_G1C8_M M_G1C8H1_M": [-0.15505306144395797, 0.017928843837535943, 0.0015909276285542497, -0.19507116, 0.02, 0.016808834159266522], "M_G1C8_M M_G1C8H2_M": [-0.1543960898926482, 0.022166387137349364, 0.0019669487916564574, -0.19507116, 0.02, 0.01987666649762504], "M_G1C9_M M_G1C9H1_M": [-0.15497144801245594, 0.02204100153747434, 0.001955822618832843, -0.18174699, 0.02, 0.07614978761562134], "M_G1C9_M M_G1C9H2_M": [-0.1510956584213736, 0.02046577142045087, 0.0018160435490159345, -0.18174699, 0.02, 0.042346939384426754], "M_G1C10_M M_G1C10H1_M": [-0.13352093127981846, 0.019709616726873012, 0.0017489456700687488, -0.17434532, 0.02, 0.01752064120428152], "M_G1C10_M M_G1C10H2_M": [-0.13557023251149783, 0.018446379524638408, 0.0016368514946348011, -0.17434532, 0.02, 0.018818481520558393], "M_G1C11_M M_G1C11H1_M": [-0.1270242261370262, 0.017144295071822892, 0.0015213101831332643, -0.14991285, 0.02, 0.14301272992969263], "M_G1C11_M M_G1C11H2_M": [-0.12628569069128553, 0.01906899899354498, 0.001692100038497146, -0.14991285, 0.02, 0.12660173791391627], "M_G1C12_M M_G1C12H1_M": [-0.10933353008906607, 0.0161010021750127, 0.0014287329088120526, -0.13658578, 0.02, 0.052294325675706375], "M_G1C12_M M_G1C12H2_M": [-0.10753546585097584, 0.017189231366861703, 0.0015252976345244377, -0.13658578, 0.02, 0.04325185297029068], "M_G1C13_M M_G1C13H1_M": [-0.09649368790717094, 0.014436177312338311, 0.001281003590918862, -0.11585704, 0.02, 0.6364614695582828], "M_G1C13_M M_G1C13H2_M": [-0.10015676666022515, 0.014821582233178173, 0.0013152027474456873, -0.11585704, 0.02, 0.8937906540093415], "M_G1C14_M M_G1C14H1_M": [-0.07831079564280595, 0.013674985644394951, 0.001213458752772577, -0.10623371, 0.02, 0.04031760712572693], "M_G1C14_M M_G1C14H2_M": [-0.07856556239272591, 0.01328483808399495, 0.0011788387550372014, -0.10623371, 0.02, 0.04068402074973159], "M_G1C15_M M_G1C15H1_M": [-0.06496176283967173, 0.011161773969044672, 0.0009904472788063122, -0.08994829, 0.02, 0.05540495412050207], "M_G1C15_M M_G1C15H2_M": [-0.06622134044557512, 0.011214067409006677, 0.0009950875712413168, -0.08994829, 0.02, 0.07580825410549769], "M_G1C16_M M_G1C16H1_M": [-0.04240732957076923, 0.009448044692333393, 0.0008383783958996401, -0.06699789, 0.02, 0.05151548111932363], "M_G1C16_M M_G1C16H2_M": [-0.042043459197196736, 0.009284324730381542, 0.0008238505985037067, -0.06699789, 0.02, 0.04661763147561933], "M_G1C17_M M_G1C17H1_M": [-0.011278524626313468, 0.0067168728022831215, 0.0005960260804025981, -0.01813583, 0.02, 0.9785115350890721], "M_G1C17_M M_G1C17H2_M": [-0.0114411609323832, 0.0066534667924049, 0.0005903997068424439, -0.01813583, 0.02, 0.978846003476429], "M_G1C17_M M_G1C17H3_M": [-0.011372634133203073, 0.0070573872543327875, 0.0006262418519602514, -0.01813583, 0.02, 0.9775048810638352], "M_G2_M M_G2H1_M": [-0.1806180865318453, 0.0410873949311865, 0.003645916734713898, -0.20691616, 0.02, 0.14202005993749534], "M_G2C3_M M_G2C3H1_M": [-0.08172708201664591, 0.036609375877323415, 0.0032485567990404186, -0.0795825, 0.02, 0.8963497296896924], "M_G2C3_M M_G2C3H2_M": [-0.05980130124319239, 0.03825095117033439, 0.003394223051235414, -0.122519, 0.02, 0.012184797652302553], "M_G2C4_M M_G2C4H1_M": [-0.09309351359061209, 0.03525170598263464, 0.003128083077171381, -0.180265, 0.02, 0.0055244706569813565], "M_G2C4_M M_G2C4H2_M": [-0.1359486070738945, 0.031939730714849776, 0.0028341927958819737, -0.180265, 0.02, 0.02291619720823769], "M_G2C5_M M_G2C5H1_M": [-0.11773347608284486, 0.02860055190436926, 0.002537888590523549, -0.186187, 0.02, 0.0075267768032556085], "M_G2C5_M M_G2C5H2_M": [-0.14646497134789108, 0.024674322084678055, 0.002189492031726885, -0.186187, 0.02, 0.02352942466209078], "M_G2C6_M M_G2C6H1_M": [-0.15082941335451275, 0.021377592223250183, 0.0018969545614944342, -0.193592, 0.02, 0.016847918599458785], "M_G2C6_M M_G2C6H2_M": [-0.152457944438033, 0.022380577392290206, 0.0019859551033539827, -0.193592, 0.02, 0.01948707829981826], "M_G2C7_M M_G2C7H1_M": [-0.12998863158521815, 0.02325843782844586, 0.0020638526205921416, -0.166198, 0.02, 0.028629587339688824], "M_G2C7_M M_G2C7H2_M": [-0.14242454631473656, 0.020142152823531153, 0.0017873270421614525, -0.166198, 0.02, 0.1278155189585759], "M_G2C8_M M_G2C8H1_M": [-0.16209030887824138, 0.017107994312659105, 0.0015180890116391912, -0.154356, 0.02, 0.9433971266964343], "M_G2C8_M M_G2C8H2_M": [-0.15964131865929343, 0.022159318733098905, 0.0019663215722041747, -0.154356, 0.02, 0.9330110250434376], "M_G2C9_M M_G2C9H1_M": [-0.12972445533927487, 0.018553662135057616, 0.0016463712869050648, -0.1203, 0.02, 0.9330493230275376], "M_G2C9_M M_G2C9H2_M": [-0.13151350152088534, 0.0207868715108856, 0.0018445365745580705, -0.1203, 0.02, 0.9153457173552805], "M_G2C10_M M_G2C10H1_M": [-0.0983785079703581, 0.025523726767578563, 0.0022648645091769143, -0.108455, 0.02, 0.9046501381075066], "M_G2C11_M M_G2C11H1_M": [0.00361056413461558, 0.026310014662213433, 0.002334636277334849, -0.0225792, 0.02, 0.0987322069982968], "M_G2C12_M M_G2C12H1_M": [-0.07828606588335638, 0.019671332499810547, 0.0017455484942595645, -0.0581141, 0.02, 0.45491951156207455], "M_G2C12_M M_G2C12H2_M": [-0.07857699787041894, 0.018572873591350493, 0.0016480760279847496, -0.0581141, 0.02, 0.3998836247527484], "M_G2C13_M M_G2C13H1_M": [-0.10620574005417067, 0.018775990791774076, 0.001666099764981774, -0.0995716, 0.02, 0.9406392355243236], "M_G2C13_M M_G2C13H2_M": [-0.10619434452011375, 0.017428076342700057, 0.0015464916989295873, -0.0995716, 0.02, 0.944894498672827], "M_G2C14_M M_G2C14H1_M": [-0.07991020211560693, 0.0155135821677262, 0.001376607812089359, -0.106234, 0.02, 0.05877100835952867], "M_G2C14_M M_G2C14H2_M": [-0.08007998449182037, 0.015433787893024613, 0.0013695272151822999, -0.106234, 0.02, 0.06025906119566479], "M_G2C15_M M_G2C15H1_M": [-0.08957073275510286, 0.013631403503515601, 0.0012095914631322189, -0.0943887, 0.02, 0.9591912005344232], "M_G2C15_M M_G2C15H2_M": [-0.09002432999969118, 0.013932740277596967, 0.0012363307779329742, -0.0943887, 0.02, 0.9587447770119806], "M_G2C16_M M_G2C16H1_M": [-0.06664026650393312, 0.01216292889032423, 0.0010792854124394514, -0.0943887, 0.02, 0.03686046523699065], "M_G2C16_M M_G2C16H2_M": [-0.06943839657880699, 0.01100663008679488, 0.0009766804854252683, -0.0943887, 0.02, 0.05509010814133507],