{"headgroup": 0.5917830090511561, "tails": 0.35112231323193044, "total": 0.4313425451716723}