{"M_C3_M M_C3H3_M": [[-0.4249107557536124, 0.04819465524438239, 0.01244380647584673]], "M_C4_M M_C4H41_M": [[0.3118381424889584, 0.19078509691380358, 0.04926050020344862]], "M_C4_M M_C4H42_M": [[0.47403851860158186, 0.2077526975086225, 0.053641515838704135]], "M_C6_M M_C6H6_M": [[0.009766482953633429, 0.18781392829285667, 0.04849334776426852]], "M_C7_M M_C7H71_M": [[-0.26301617499236774, 0.09405428751864882, 0.0242847126132754]], "M_C7_M M_C7H72_M": [[-0.34368175811167784, 0.09796762882619316, 0.025295132994085052]], "M_C8_M M_C8H8_M": [[0.7531669767519178, 0.15567219213945807, 0.04019438717491482]], "M_C14_M M_C14H14_M": [[0.6786752754464542, 0.10340184241387403, 0.026698240909073186]], "M_C15_M M_C15H151_M": [[0.3556495089888957, 0.13686365451856228, 0.035338043643431814]], "M_C15_M M_C15H152_M": [[-0.12776349154014582, 0.1696845215096622, 0.04381235506107306]], "M_C16_M M_C16H161_M": [[0.12554004603681243, 0.14050400531587606, 0.036277978177588426]], "M_C16_M M_C16H162_M": [[-0.005003520621093695, 0.1867820371515735, 0.048226914617249275]], "M_C17_M M_C17H17_M": [[0.11709688027211293, 0.022346553264640506, 0.005769855242605977]], "M_C18_M M_C18H181_M": [[-0.2483749931812025, 0.08468151298658176, 0.021864672635245216]], "M_C18_M M_C18H182_M": [[-0.2484382228420347, 0.08362712414275354, 0.021592430606406976]], "M_C18_M M_C18H183_M": [[-0.1948321164251336, 0.13913114607649915, 0.03592350744620217]], "M_C12_M M_C12H121_M": [[0.10628954187327389, 0.02361483490942517, 0.006097324155176081]], "M_C12_M M_C12H122_M": [[0.10549607547085185, 0.02519493905748392, 0.006505305291889734]], "M_C11_M M_C11H111_M": [[-0.06956941767651352, 0.19561011839340345, 0.05050631539248751]], "M_C11_M M_C11H112_M": [[-0.261910984498284, 0.05029110023286451, 0.012985106244288813]], "M_C9_M M_C9H9_M": [[-0.2528416102347028, 0.16139464474227494, 0.041671918083592885]], "M_C19_M M_C19H191_M": [[0.2510104759419235, 0.18825690113177623, 0.0486077228594657]], "M_C19_M M_C19H192_M": [[-0.18250944618789905, 0.11112935391964006, 0.02869347580037039]], "M_C19_M M_C19H193_M": [[-0.3987782860086734, 0.08064189625174166, 0.02082164807930545]], "M_C1_M M_C1H11_M": [[-0.22516848655121502, 0.08558557630425205, 0.02209810078012882]], "M_C1_M M_C1H12_M": [[0.6798208838698381, 0.12628738493718472, 0.032607262579853455]], "M_C2_M M_C2H21_M": [[-0.38558616796525524, 0.088281998628415, 0.022794314030517154]], "M_C2_M M_C2H22_M": [[-0.1869526138665682, 0.14290346621113834, 0.03689751631673687]], "M_C20_M M_C20H20_M": [[-0.36581163260917987, 0.06817098580337272, 0.01760167284740032]], "M_C21_M M_C21H211_M": [[0.11206070901148205, 0.020156568545333247, 0.005204403619517595]], "M_C21_M M_C21H212_M": [[0.13454609510715398, 0.01957999564280828, 0.005055533136227351]], "M_C21_M M_C21H213_M": [[0.12066214713075636, 0.020126347539773094, 0.00519660058943492]], "M_C22_M M_C22H221_M": [[0.014616280094714888, 0.31491830318611225, 0.08131155624371406]], "M_C22_M M_C22H222_M": [[-0.3780025404001379, 0.04720295843435468, 0.012187751460531773]], "M_C23_M M_C23H231_M": [[0.03639114108100786, 0.2543692896395363, 0.06567786817070233]], "M_C23_M M_C23H232_M": [[-0.367464062075679, 0.04096632677141846, 0.01057746008939965]], "M_C24_M M_C24H241_M": [[-0.1599982226279278, 0.10196155898982556, 0.026326361328062636]], "M_C24_M M_C24H242_M": [[-0.3091177772859811, 0.061054625311144126, 0.015764236469266335]], "M_C25_M M_C25H25_M": [[-0.20525388074805723, 0.0814648887967551, 0.021034143840698113]], "M_C26_M M_C26H261_M": [[-0.001117821814873589, 0.046346178482056605, 0.011966531828090784]], "M_C26_M M_C26H262_M": [[-0.0031101611172156735, 0.04549739760582933, 0.01174737754821028]], "M_C26_M M_C26H263_M": [[0.003429749860787802, 0.04344073816749214, 0.011216350364643596]], "M_C27_M M_C27H271_M": [[0.019639813830264773, 0.058132109961175016, 0.015009646250635274]], "M_C27_M M_C27H272_M": [[0.01589129946303171, 0.052750022343154866, 0.013619997203140529]], "M_C27_M M_C27H273_M": [[0.013351887887631076, 0.05710753874916332, 0.014745103101226951]]}