{"sn-1": 0.2958270783431881, "sn-2": 0.3875499381179975, "headgroup": 0.4581699830428603, "total": 0.38051566650134866}