{"headgroup": 0.2932287891474306, "tails": 0.2186806452675794, "total": 0.2435300265608632}