{"sn-1": 0.4345372387213083, "sn-2": 0.4019004447316848, "headgroup": 0.18261101404829228, "total": 0.3396828991670951}