{"M_G1_M M_G1H1_M": [[-0.1326138379302829, 0.09913281026171988, 0.008796614448244967]], "M_G1_M M_G1H2_M": [[-0.03200218152886019, 0.10917505948070572, 0.009687719969609564]], "M_G1C3_M M_G1C3H1_M": [[-0.20203704252407823, 0.06923430443919838, 0.006143551071901963]], "M_G1C3_M M_G1C3H2_M": [[-0.18096113380537088, 0.07414634712842885, 0.006579424377383812]], "M_G1C4_M M_G1C4H1_M": [[-0.17800032545502992, 0.06598017457289727, 0.005854793739967196]], "M_G1C4_M M_G1C4H2_M": [[-0.16839948897842016, 0.06502169863202693, 0.005769742753442193]], "M_G1C5_M M_G1C5H1_M": [[-0.20011468450641567, 0.05297850487599239, 0.0047010821160845175]], "M_G1C5_M M_G1C5H2_M": [[-0.20963397547135149, 0.05457958423424562, 0.004843154935148295]], "M_G1C6_M M_G1C6H1_M": [[-0.13512849428369894, 0.0631402136335049, 0.005602787957361463]], "M_G1C6_M M_G1C6H2_M": [[-0.13568996983789694, 0.06369846129118568, 0.005652324426652398]], "M_G1C7_M M_G1C7H1_M": [[-0.15261435750408298, 0.06481864351065697, 0.005751724525070401]], "M_G1C7_M M_G1C7H2_M": [[-0.15600482384628483, 0.05852060359830294, 0.005192863853791417]], "M_G1C8_M M_G1C8H1_M": [[-0.1641550596031872, 0.053282478128900614, 0.004728055380550168]], "M_G1C8_M M_G1C8H2_M": [[-0.16393189504487674, 0.04717081559775522, 0.004185733027513525]], "M_G1C9_M M_G1C9H1_M": [[-0.15975846483377937, 0.051219765557103475, 0.004545019237786304]], "M_G1C9_M M_G1C9H2_M": [[-0.16187878292205668, 0.04916039097900741, 0.004362279294066343]], "M_G1C10_M M_G1C10H1_M": [[-0.141020592392087, 0.042812831224957416, 0.003799024447399942]], "M_G1C10_M M_G1C10H2_M": [[-0.1432162405742316, 0.04623581189910713, 0.004102764865681173]], "M_G1C11_M M_G1C11H1_M": [[-0.13191386868890145, 0.04114746363290613, 0.003651246970062207]], "M_G1C11_M M_G1C11H2_M": [[-0.13526267569227357, 0.04582884057307089, 0.004066652000150776]], "M_G1C12_M M_G1C12H1_M": [[-0.1127648258130109, 0.034300165660962584, 0.003043647527330621]], "M_G1C12_M M_G1C12H2_M": [[-0.11469327929885215, 0.04424576491436935, 0.003926176751086074]], "M_G1C13_M M_G1C13H1_M": [[-0.10099002247075911, 0.03358820603025619, 0.00298047132605574]], "M_G1C13_M M_G1C13H2_M": [[-0.10445617839453258, 0.03409121181335013, 0.003025105871645975]], "M_G1C14_M M_G1C14H1_M": [[-0.08470527140419067, 0.03014381028331, 0.002674830627349952]], "M_G1C14_M M_G1C14H2_M": [[-0.0840806218540135, 0.028421305152875984, 0.002521983013350624]], "M_G1C15_M M_G1C15H1_M": [[-0.07008221647871053, 0.02469456164543991, 0.0021912880023258604]], "M_G1C15_M M_G1C15H2_M": [[-0.06977958413333407, 0.022935807728238895, 0.0020352238286369196]], "M_G1C16_M M_G1C16H1_M": [[-0.047422787909592985, 0.02012640703996666, 0.0017859298298072716]], "M_G1C16_M M_G1C16H2_M": [[-0.04677177723299764, 0.018465330941858458, 0.0016385331609780882]], "M_G1C17_M M_G1C17H1_M": [[-0.013771058687279115, 0.009543647954154685, 0.0008468618135694938]], "M_G1C17_M M_G1C17H2_M": [[-0.012876460900544718, 0.011676433729100308, 0.0010361159476283026]], "M_G1C17_M M_G1C17H3_M": [[-0.012559664355721993, 0.011439439204708485, 0.0010150860842367967]], "M_G2_M M_G2H1_M": [[-0.17809383766388115, 0.10181567482142215, 0.009034680181338326]], "M_G2C3_M M_G2C3H1_M": [[-0.07324378023693762, 0.08834364150330193, 0.007839230535347852]], "M_G2C3_M M_G2C3H2_M": [[-0.0636535207404843, 0.08986543751190093, 0.00797426809477123]], "M_G2C4_M M_G2C4H1_M": [[-0.13654914233317242, 0.08582108226495723, 0.00761538959929456]], "M_G2C4_M M_G2C4H2_M": [[-0.0955245830217308, 0.08056344203667146, 0.00714884947122082]], "M_G2C5_M M_G2C5H1_M": [[-0.15680849242696582, 0.06271014134078515, 0.005564625212515025]], "M_G2C5_M M_G2C5H2_M": [[-0.12095487464612464, 0.06781686312113767, 0.006017773493872311]], "M_G2C6_M M_G2C6H1_M": [[-0.16866987299108016, 0.05105397592012427, 0.00453030778642958]], "M_G2C6_M M_G2C6H2_M": [[-0.16136735709461653, 0.052642256517126416, 0.0046712448990824966]], "M_G2C7_M M_G2C7H1_M": [[-0.1466684868422446, 0.0563617673226782, 0.005001298111597491]], "M_G2C7_M M_G2C7H2_M": [[-0.1554231656770301, 0.04819501436526958, 0.004276615971842508]], "M_G2C8_M M_G2C8H1_M": [[-0.1783172524103569, 0.047059930046628534, 0.004175893525954279]], "M_G2C8_M M_G2C8H2_M": [[-0.17525411495278387, 0.05050387165763468, 0.004481493926611811]], "M_G2C9_M M_G2C9H1_M": [[-0.14510901313186375, 0.04849337317970156, 0.004303091035455297]], "M_G2C9_M M_G2C9H2_M": [[-0.1405343149406469, 0.04855297727283343, 0.004308380043458138]], "M_G2C10_M M_G2C10H1_M": [[-0.10913320866507752, 0.059779418529104504, 0.005304565616091113]], "M_G2C11_M M_G2C11H1_M": [[0.01365817515557001, 0.0695957092513291, 0.006175620563159814]], "M_G2C12_M M_G2C12H1_M": [[-0.08113615993901885, 0.046991361045093855, 0.004169809010968683]], "M_G2C12_M M_G2C12H2_M": [[-0.08231380757394788, 0.051111933785428026, 0.0045354507153344955]], "M_G2C13_M M_G2C13H1_M": [[-0.11176093218025045, 0.04660675602856134, 0.004135680834471261]], "M_G2C13_M M_G2C13H2_M": [[-0.11124050288574079, 0.049146933938973875, 0.00436108517485922]], "M_G2C14_M M_G2C14H1_M": [[-0.0840898943266169, 0.037615457762831365, 0.00333783213005153]], "M_G2C14_M M_G2C14H2_M": [[-0.08502711647657417, 0.03675565165125031, 0.0032615366750568097]], "M_G2C15_M M_G2C15H1_M": [[-0.09834133839958523, 0.029679077486122002, 0.002633592260077559]], "M_G2C15_M M_G2C15H2_M": [[-0.09907964797889524, 0.030870997983529266, 0.0027393581012856417]], "M_G2C16_M M_G2C16H1_M": [[-0.07246256963646151, 0.025090395198678863, 0.00222641255033705]], "M_G2C16_M M_G2C16H2_M": [[-0.0742118761599252, 0.02499201137639359, 0.0022176823978244426]], "M_G2C17_M M_G2C17H1_M": [[-0.06176593976849834, 0.01992696900361455, 0.0017682325658290503]], "M_G2C17_M M_G2C17H2_M": [[-0.06467333997611453, 0.02210751356915656, 0.001961724607259614]], "M_G2C18_M M_G2C18H1_M": [[-0.038219613335788896, 0.01654635685489926, 0.0014682517462316796]], "M_G2C18_M M_G2C18H2_M": [[-0.03921794687678999, 0.019686029510763998, 0.0017468526430934148]], "M_G2C19_M M_G2C19H1_M": [[-0.013032845735230211, 0.010478281291219218, 0.0009297971111256456]], "M_G2C19_M M_G2C19H2_M": [[-0.013366882793684785, 0.009924852634580384, 0.0008806882590290571]], "M_G2C19_M M_G2C19H3_M": [[-0.011531487766883251, 0.009613581975092085, 0.0008530674544403382]], "M_G3_M M_G3H1_M": [[-0.21296322657526678, 0.06916544270965995, 0.006137440581506405]], "M_G3_M M_G3H2_M": [[-0.2626921671217948, 0.05664804563746675, 0.005026701204210721]], "M_G3C4_M M_G3C4H1_M": [[0.12579990761280013, 0.04767577991549538, 0.004230541364950485]], "M_G3C4_M M_G3C4H2_M": [[0.10422146125379389, 0.049008883470509676, 0.004348835176677254]], "M_G3C5_M M_G3C5H1_M": [[-0.054681951277886894, 0.04763608685197736, 0.0042270191751213465]], "M_G3C5_M M_G3C5H2_M": [[-0.04140709590947747, 0.04295944174753571, 0.0038120340275558163]], "M_G3N6C1_M M_G3N6C1H1_M": [[-0.08100953265063943, 0.02024880039290722, 0.0017967904836513786]], "M_G3N6C1_M M_G3N6C1H2_M": [[-0.0811155649965658, 0.02060512753529819, 0.0018284094045796053]], "M_G3N6C1_M M_G3N6C1H3_M": [[-0.08149203636813253, 0.01950417939496436, 0.0017307160546941266]], "M_G3N6C2_M M_G3N6C2H1_M": [[-0.0808510411005438, 0.021817176958850687, 0.0019359613991519412]], "M_G3N6C2_M M_G3N6C2H2_M": [[-0.0804996459793016, 0.022490535401563892, 0.001995712298883127]], "M_G3N6C2_M M_G3N6C2H3_M": [[-0.07992824996337167, 0.02224865850690244, 0.001974249195187608]], "M_G3N6C3_M M_G3N6C3H1_M": [[-0.08093604286688008, 0.019837715381749308, 0.0017603125875939416]], "M_G3N6C3_M M_G3N6C3H2_M": [[-0.08032514187211237, 0.019836930704305075, 0.0017602429587301484]], "M_G3N6C3_M M_G3N6C3H3_M": [[-0.08005023101393227, 0.020600770664550915, 0.0018280227948177777]]}