{"headgroup": 0.18261101404829228, "tails": 0.41821884172649654, "total": 0.3396828991670951}