{"M_G1_M M_G1H1_M": [[-0.027787158374674194, 0.2034898884836021, 0.018056807714628344]], "M_G1_M M_G1H2_M": [[-0.17471689725800255, 0.17090273304670509, 0.015165165264599816]], "M_G1C3_M M_G1C3H1_M": [[-0.18030214555371255, 0.12713200390528945, 0.011281141122047339]], "M_G1C3_M M_G1C3H2_M": [[-0.21730013079851135, 0.11410167268580118, 0.010124886199301247]], "M_G1C4_M M_G1C4H1_M": [[-0.16653367674625144, 0.12002661946313849, 0.010650640208382675]], "M_G1C4_M M_G1C4H2_M": [[-0.19858771768091255, 0.1055027625745579, 0.00936185631319167]], "M_G1C5_M M_G1C5H1_M": [[-0.22704848943803152, 0.10182416463377407, 0.009035433530363747]], "M_G1C5_M M_G1C5H2_M": [[-0.22993570002893837, 0.09752566740121332, 0.008654003580361754]], "M_G1C6_M M_G1C6H1_M": [[-0.14953911360724786, 0.12110858474115448, 0.010746649101623646]], "M_G1C6_M M_G1C6H2_M": [[-0.14807689767252044, 0.11144402757555377, 0.009889058330471653]], "M_G1C7_M M_G1C7H1_M": [[-0.15952727223021945, 0.11030349827784922, 0.00978785272082186]], "M_G1C7_M M_G1C7H2_M": [[-0.15013590784410102, 0.1143307191264905, 0.010145210784311673]], "M_G1C8_M M_G1C8H1_M": [[-0.16623653356647267, 0.08704657798323188, 0.007724134759581819]], "M_G1C8_M M_G1C8H2_M": [[-0.16970110593114315, 0.08924629188949412, 0.007919327804939313]], "M_G1C9_M M_G1C9H1_M": [[-0.1625755717409386, 0.08494982883061214, 0.007538078358662834]], "M_G1C9_M M_G1C9H2_M": [[-0.16043766009840782, 0.08922384690820127, 0.00791733613491392]], "M_G1C10_M M_G1C10H1_M": [[-0.14656764076872025, 0.0875274653270395, 0.007766806611064171]], "M_G1C10_M M_G1C10H2_M": [[-0.1356108330905833, 0.08031053438026106, 0.007126407545701126]], "M_G1C11_M M_G1C11H1_M": [[-0.13221462543146034, 0.06370551730043199, 0.005652950546225918]], "M_G1C11_M M_G1C11H2_M": [[-0.1280335035880256, 0.09004317247056945, 0.007990039522023762]], "M_G1C12_M M_G1C12H1_M": [[-0.10660129654679831, 0.06842150313570271, 0.006071426619150084]], "M_G1C12_M M_G1C12H2_M": [[-0.10711575421534572, 0.06910909598343405, 0.006132440618076321]], "M_G1C13_M M_G1C13H1_M": [[-0.0968386852140119, 0.061326106962596695, 0.005441812021040904]], "M_G1C13_M M_G1C13H2_M": [[-0.09841513267380325, 0.05950435005339164, 0.0052801572358452155]], "M_G1C14_M M_G1C14H1_M": [[-0.08232172361692226, 0.05388386331917544, 0.004781419686875849]], "M_G1C14_M M_G1C14H2_M": [[-0.07853897097212342, 0.050321573544884896, 0.004465317584911532]], "M_G1C15_M M_G1C15H1_M": [[-0.07172613181040884, 0.04152639188616655, 0.0036848714152754383]], "M_G1C15_M M_G1C15H2_M": [[-0.06999541793754954, 0.04019779641097441, 0.003566977630946184]], "M_G1C16_M M_G1C16H1_M": [[-0.04499429915337105, 0.03269504752611809, 0.00290121632479701]], "M_G1C16_M M_G1C16H2_M": [[-0.04824978160743167, 0.03397995371542283, 0.003015233311903871]], "M_G1C17_M M_G1C17H1_M": [[-0.013545031613841328, 0.01257405753399209, 0.0011157671802560609]], "M_G1C17_M M_G1C17H2_M": [[-0.013299145889958262, 0.01355244634862897, 0.0012025851485968561]], "M_G1C17_M M_G1C17H3_M": [[-0.013499446176264201, 0.013878290007032142, 0.0012314990977304575]], "M_G2_M M_G2H1_M": [[-0.20407481506027123, 0.1606799990266717, 0.014258044306929198]], "M_G2C3_M M_G2C3H1_M": [[-0.06943550347312466, 0.1493539589152166, 0.013253020765048428]], "M_G2C3_M M_G2C3H2_M": [[-0.05605987629763691, 0.15638941480101046, 0.013877316522745337]], "M_G2C4_M M_G2C4H1_M": [[-0.08347392025399128, 0.15062562793396175, 0.01336586314320906]], "M_G2C4_M M_G2C4H2_M": [[-0.13657257193605704, 0.13143205761003263, 0.011662709186621613]], "M_G2C5_M M_G2C5H1_M": [[-0.10113426172515669, 0.12223204901660759, 0.010846340435415623]], "M_G2C5_M M_G2C5H2_M": [[-0.1548134699405747, 0.1092387222903471, 0.009693369130463864]], "M_G2C6_M M_G2C6H1_M": [[-0.15494855310950845, 0.09641144743539853, 0.00855513254640304]], "M_G2C6_M M_G2C6H2_M": [[-0.16927765428094227, 0.09889313136023031, 0.00877534638490432]], "M_G2C7_M M_G2C7H1_M": [[-0.13733073996042236, 0.12220082182940625, 0.010843569470632237]], "M_G2C7_M M_G2C7H2_M": [[-0.14535783707719374, 0.10571063465880606, 0.009380301977900022]], "M_G2C8_M M_G2C8H1_M": [[-0.1772673667421575, 0.10172628690305337, 0.009026748286215558]], "M_G2C8_M M_G2C8H2_M": [[-0.1659150711757698, 0.11118063082488555, 0.009865685648345203]], "M_G2C9_M M_G2C9H1_M": [[-0.13944977838544487, 0.09997751906855187, 0.008871570234075315]], "M_G2C9_M M_G2C9H2_M": [[-0.1371003356599576, 0.11351471048618547, 0.010072801726440227]], "M_G2C10_M M_G2C10H1_M": [[-0.10204970496672153, 0.13267360685075585, 0.011772878866673253]], "M_G2C11_M M_G2C11H1_M": [[0.004501410820199739, 0.13496791257396892, 0.011976465578481628]], "M_G2C12_M M_G2C12H1_M": [[-0.09641989292288887, 0.09463866972626495, 0.00839782396240829]], "M_G2C12_M M_G2C12H2_M": [[-0.08759310028053786, 0.09217553840940311, 0.008179256401651888]], "M_G2C13_M M_G2C13H1_M": [[-0.12042305521221687, 0.09186191686179622, 0.008151426989475675]], "M_G2C13_M M_G2C13H2_M": [[-0.1277028829275973, 0.08509465848350901, 0.0075509299121882855]], "M_G2C14_M M_G2C14H1_M": [[-0.09563215572087144, 0.07219059807670707, 0.006405879712200841]], "M_G2C14_M M_G2C14H2_M": [[-0.10120409684702086, 0.06518680560208072, 0.005784393627904913]], "M_G2C15_M M_G2C15H1_M": [[-0.10726879594378301, 0.059677272008413614, 0.005295501578086186]], "M_G2C15_M M_G2C15H2_M": [[-0.10612216627717842, 0.059495387594187654, 0.005279361946193712]], "M_G2C16_M M_G2C16H1_M": [[-0.07826119224588918, 0.052921967387912626, 0.004696065225277156]], "M_G2C16_M M_G2C16H2_M": [[-0.07732630397954154, 0.05321456511117667, 0.004722029074715024]], "M_G2C17_M M_G2C17H1_M": [[-0.06693125241618755, 0.0419046347017938, 0.00371843503773411]], "M_G2C17_M M_G2C17H2_M": [[-0.06585222396814362, 0.041655742355156164, 0.0036963494133408345]], "M_G2C18_M M_G2C18H1_M": [[-0.0396109063100394, 0.03525212172907061, 0.003128119968702003]], "M_G2C18_M M_G2C18H2_M": [[-0.039896506322470396, 0.03323127951390745, 0.0029487992192892124]], "M_G2C19_M M_G2C19H1_M": [[-0.013661650483607781, 0.012192730464522591, 0.0010819298745250278]], "M_G2C19_M M_G2C19H2_M": [[-0.01337581976828044, 0.013880407057972896, 0.001231686955623762]], "M_G2C19_M M_G2C19H3_M": [[-0.014286733543084452, 0.013455079871040544, 0.0011939452708281551]], "M_G3_M M_G3H1_M": [[-0.26151787270661586, 0.11537592936953495, 0.010237958195599061]], "M_G3_M M_G3H2_M": [[-0.20297987544394325, 0.13162484161005855, 0.011679816000355041]], "M_G3C4_M M_G3C4H1_M": [[0.13230608096071367, 0.09377363115766824, 0.008321064201934262]], "M_G3C4_M M_G3C4H2_M": [[0.09712117796412528, 0.0943026025256768, 0.008368002820603977]], "M_G3C5_M M_G3C5H1_M": [[-0.06754919307688183, 0.08729513944181282, 0.007746191022407994]], "M_G3C5_M M_G3C5H2_M": [[-0.03729450060637704, 0.09827965226479496, 0.008720908918031792]], "M_G3N6C1_M M_G3N6C1H1_M": [[0.021877825546952542, 0.011497596498794803, 0.0010202467095845487]], "M_G3N6C1_M M_G3N6C1H2_M": [[0.019438278147261772, 0.012888383590126819, 0.0011436591074550856]], "M_G3N6C1_M M_G3N6C1H3_M": [[0.020909970836044265, 0.012708950653639079, 0.001127737009035481]], "M_G3N6C2_M M_G3N6C2H1_M": [[0.021100743697055342, 0.012943288042037631, 0.001148531089734984]], "M_G3N6C2_M M_G3N6C2H2_M": [[0.02122789952675553, 0.011299986186725586, 0.001002711629910312]], "M_G3N6C2_M M_G3N6C2H3_M": [[0.02102396793055166, 0.012199857525038443, 0.0010825622988792022]], "M_G3N6C3_M M_G3N6C3H1_M": [[0.019901833489176065, 0.012121316562042942, 0.0010755929154022154]], "M_G3N6C3_M M_G3N6C3H2_M": [[0.021568781907027067, 0.012155844995660952, 0.0010786568184353038]], "M_G3N6C3_M M_G3N6C3H3_M": [[0.021061764463418082, 0.012890921006638982, 0.0011438842667610024]]}