{"sn-1": 0.3707181120055247, "sn-2": 0.4098161758800367, "headgroup": 0.3834500902348598, "total": 0.3879947927068071}