{"headgroup": 0.3834500902348598, "tails": 0.3902671439427807, "total": 0.3879947927068071}