{"sn-1": 0.7112760864935688, "sn-2": 0.6867180845941582, "headgroup": 0.6310663736122916, "total": 0.6763535149000061}