{"sn-1": 0.5971241952104087, "sn-2": 0.4604888667844266, "headgroup": 0.6576759103109984, "total": 0.5717629907686113}