{"headgroup": 0.6576759103109984, "tails": 0.5288065309974177, "total": 0.5717629907686113}