{"10.1021/jacs.1c05549": {"M_G1_M M_G1H1_M": [-0.002179646441673821, 0.16878438914160893, 0.014977192639262912, -0.13, 0.02, 0.011793344948239595], "M_G1_M M_G1H2_M": [-0.06588555475502177, 0.16708552930636883, 0.014826443205924324, 0.0, 0.02, 0.04506734874728524], "M_G2_M M_G2H1_M": [-0.12042477703079504, 0.15044426243314887, 0.013349769557436077, -0.19, 0.02, 0.03663692002744503], "M_G3_M M_G3H1_M": [-2.6123462891301102e-05, 0.1410491502730583, 0.012516088164240992, -0.21, 0.02, 0.0036344026173819217], "M_G3_M M_G3H2_M": [-0.1000095724252976, 0.11603330786989666, 0.010296291104743678, -0.21, 0.02, 0.011101687072231602], "M_G3C4_M M_G3C4H1_M": [0.020478652112858042, 0.05389776962166437, 0.004782653671679396, 0.08, 0.02, 0.0192126072518215], "M_G3C4_M M_G3C4H2_M": [0.010489418211411741, 0.061156905257585506, 0.005426797797606305, 0.08, 0.02, 0.015476134026292332], "M_G3C5_M M_G3C5H1_M": [0.013735378713995397, 0.04250798752258293, 0.003771973943034291, -0.03, 0.02, 0.03134940018201153], "M_G3C5_M M_G3C5H2_M": [0.013837606697783649, 0.041517312444316445, 0.0036840657450926827, -0.03, 0.02, 0.03045885535138393]}, "unpublished/ferreiraPOPE": {"M_G1C3_M M_G1C3H1_M": [-0.15383993743444951, 0.10791209905133381, 0.00957565035379575, -0.2223, 0.02, 0.027774837192451378], "M_G1C3_M M_G1C3H2_M": [-0.13700817428861634, 0.11275385722507848, 0.01000528691704485, -0.2223, 0.02, 0.01824449630761435], "M_G1C4_M M_G1C4H1_M": [-0.1427831959219437, 0.105335476919304, 0.009347012111679523, -0.2179, 0.02, 0.022292201502802776], "M_G1C4_M M_G1C4H2_M": [-0.14330600684570696, 0.09675557573883989, 0.008585668995416339, -0.2179, 0.02, 0.020840084663896422], "M_G1C5_M M_G1C5H1_M": [-0.17137373256974808, 0.0819491079015723, 0.007271807433730367, -0.249, 0.02, 0.016290068659041437], "M_G1C5_M M_G1C5H2_M": [-0.17295793945709548, 0.07616111940592, 0.006758206506926103, -0.249, 0.02, 0.01583935913633342], "M_G1C6_M M_G1C6H1_M": [-0.1626957694256582, 0.07155575308936632, 0.00634954632900214, -0.2579, 0.02, 0.009285442913516465], "M_G1C6_M M_G1C6H2_M": [-0.15907527623846063, 0.0675844255417766, 0.005997147993964413, -0.2579, 0.02, 0.008119456363113581], "M_G1C7_M M_G1C7H1_M": [-0.16421765474729422, 0.0746510961308041, 0.006624213608671709, -0.2579, 0.02, 0.01001326135624896], "M_G1C7_M M_G1C7H2_M": [-0.15756816213394564, 0.07049407639120511, 0.006255337756101265, -0.2579, 0.02, 0.008204308780792702], "M_G1C8_M M_G1C8H1_M": [-0.16419652801764986, 0.0616190666285263, 0.005467807987696804, -0.249, 0.02, 0.010202182780531432], "M_G1C8_M M_G1C8H2_M": [-0.15864888465305543, 0.08018183875037822, 0.0071149876552101315, -0.249, 0.02, 0.011588357214887362], "M_G1C9_M M_G1C9H1_M": [-0.15923304180229908, 0.06902901594212224, 0.006125334663483087, -0.2446, 0.02, 0.011257363931967499], "M_G1C9_M M_G1C9H2_M": [-0.16056656721465795, 0.0607452235707921, 0.005390266955147952, -0.2446, 0.02, 0.01025416572923257], "M_G1C10_M M_G1C10H1_M": [-0.14868392918427298, 0.057432242724162884, 0.005096287443165218, -0.2357, 0.02, 0.009012599437398985], "M_G1C10_M M_G1C10H2_M": [-0.1506713062997776, 0.06064062925498314, 0.005380985710449851, -0.2357, 0.02, 0.009985715271255968], "M_G1C11_M M_G1C11H1_M": [-0.13821861665729182, 0.05900579137492451, 0.005235917306978845, -0.2268, 0.02, 0.008917266310270679], "M_G1C11_M M_G1C11H2_M": [-0.14175259883373975, 0.0544660620471545, 0.004833081469980449, -0.2268, 0.02, 0.008972672720577288], "M_G1C12_M M_G1C12H1_M": [-0.12306139663502591, 0.04788164535604532, 0.004248808968824065, -0.2001, 0.02, 0.009738996269153312], "M_G1C12_M M_G1C12H2_M": [-0.12984618617660515, 0.054682140163680504, 0.004852255302304621, -0.2001, 0.02, 0.013542798431253548], "M_G1C13_M M_G1C13H1_M": [-0.11184216041881705, 0.04345485288556648, 0.0038559946573727016, -0.1779, 0.02, 0.012334143407142863], "M_G1C13_M M_G1C13H2_M": [-0.10743226408940226, 0.041951413747002314, 0.0037225860067611146, -0.1779, 0.02, 0.010346135949114309], "M_G1C14_M M_G1C14H1_M": [-0.09314123872050731, 0.03788926152083506, 0.003362128284748248, -0.1512, 0.02, 0.01434513346573009], "M_G1C14_M M_G1C14H2_M": [-0.09341437475422532, 0.03766632950911223, 0.0033423462675722993, -0.1512, 0.02, 0.014414217050331236], "M_G1C15_M M_G1C15H1_M": [-0.07749550070554428, 0.03263998441035513, 0.00289633026337691, -0.1245, 0.02, 0.02025920212427131], "M_G1C15_M M_G1C15H2_M": [-0.07677783651789151, 0.029575185265533186, 0.002624373316255841, -0.1245, 0.02, 0.017714902978526164], "M_G1C16_M M_G1C16H1_M": [-0.054248984954760764, 0.024849488859654434, 0.0022050355695277567, -0.0889, 0.02, 0.0347139441253254], "M_G1C16_M M_G1C16H2_M": [-0.05432164419208099, 0.024710801102568247, 0.0021927290211250818, -0.0889, 0.02, 0.03473925840041808], "M_G1C17_M M_G1C17H1_M": [-0.010291579314009602, 0.011267368174479589, 0.0009998172493612418, -0.0222, 0.02, 0.9508964811229573], "M_G1C17_M M_G1C17H2_M": [-0.011930381801736332, 0.00991017628432454, 0.0008793859435356576, -0.0222, 0.02, 0.9620657305854287], "M_G1C17_M M_G1C17H3_M": [-0.011268656316789319, 0.010649256252512406, 0.0009449686856107134, -0.0222, 0.02, 0.9572293558283351], "M_G2C3_M M_G2C3H1_M": [-0.08987121191075383, 0.11948729329341687, 0.010602782749642582, -0.129, 0.02, 0.10462696986956935], "M_G2C3_M M_G2C3H2_M": [-0.11818456179753603, 0.10546912942425964, 0.009358871853706737, -0.0889, 0.02, 0.19153463044647867], "M_G2C4_M M_G2C4H1_M": [-0.15119834849082775, 0.09004057147407574, 0.007989808720906795, -0.2179, 0.02, 0.02468434182899501], "M_G2C4_M M_G2C4H2_M": [-0.10512729945146447, 0.1075418730698651, 0.009542798110334627, -0.2179, 0.02, 0.009788609299741565], "M_G2C5_M M_G2C5H1_M": [-0.15647951210835898, 0.07819214032554665, 0.006938430470305203, -0.2135, 0.02, 0.030375988925046914], "M_G2C5_M M_G2C5H2_M": [-0.13767460071483145, 0.08919796103746247, 0.007915039135323721, -0.2135, 0.02, 0.018599427639536655], "M_G2C6_M M_G2C6H1_M": [-0.1541477703829502, 0.06803630299322468, 0.006037245633764495, -0.2179, 0.02, 0.020741427627746816], "M_G2C6_M M_G2C6H2_M": [-0.1574771421123299, 0.08169185957028759, 0.007248980335600175, -0.2179, 0.02, 0.027867957327209477], "M_G2C7_M M_G2C7H1_M": [-0.14387228265381768, 0.07468031495692273, 0.006626806360227095, -0.2223, 0.02, 0.014550291991957683], "M_G2C7_M M_G2C7H2_M": [-0.14769509998747238, 0.07068207354790464, 0.006272019806176169, -0.2223, 0.02, 0.01532998449543646], "M_G2C8_M M_G2C8H1_M": [-0.1743630137589306, 0.061705789358834306, 0.005475503385622119, -0.1912, 0.02, 0.619771965192556], "M_G2C8_M M_G2C8H2_M": [-0.17003182639723435, 0.062160081008209266, 0.005515815250846745, -0.1912, 0.02, 0.39117250511357693], "M_G2C9_M M_G2C9H1_M": [-0.1397280925118617, 0.061269431256598395, 0.005436782865376569, -0.1467, 0.02, 0.8108450540276236], "M_G2C9_M M_G2C9H2_M": [-0.1473225363693642, 0.05536003670638122, 0.004912408893292237, -0.1467, 0.02, 0.8465336758328892], "M_G2C10_M M_G2C10H1_M": [-0.10432802616682628, 0.07586867118900106, 0.006732255924031086, -0.1245, 0.02, 0.4390175160966566], "M_G2C11_M M_G2C11H1_M": [-0.01781909092457617, 0.08734763633734882, 0.007750849368605796, -0.04, 0.02, 0.3548474254900407], "M_G2C12_M M_G2C12H1_M": [-0.09025504362441684, 0.05378658868691075, 0.004772787959061736, -0.0934, 0.02, 0.8474324522573493], "M_G2C12_M M_G2C12H2_M": [-0.0869744971906671, 0.06284441534732241, 0.0055765401038896465, -0.0934, 0.02, 0.8097246036174022], "M_G2C13_M M_G2C13H1_M": [-0.11704168214161226, 0.05407848410250811, 0.0047986894887716396], "M_G2C13_M M_G2C13H2_M": [-0.11866646895003721, 0.05768537088493355, 0.005118748935282856], "M_G2C14_M M_G2C14H1_M": [-0.09036198785412144, 0.04321370566654629, 0.0038345963019201855, -0.1512, 0.02, 0.014713296947821905], "M_G2C14_M M_G2C14H2_M": [-0.08654060307952108, 0.04329904953895226, 0.0038421693459920066, -0.1512, 0.02, 0.012881576701246048], "M_G2C15_M M_G2C15H1_M": [-0.10070725978348366, 0.03842277477035051, 0.0034094699302299756, -0.1512, 0.02, 0.020060341613548107],