{"sn-1": 0.10611077870999744, "sn-2": 0.26084285398907114, "headgroup": 0.02274785558045474, "total": 0.12990049609317442}