{"headgroup": 0.02274785558045474, "tails": 0.18347681634953428, "total": 0.12990049609317442}