{"sn-1": 0.6203137920876736, "sn-2": 0.2684194384988958, "headgroup": 0.15807559687529044, "total": 0.34893627582062}