{"M_G1_M M_G1H1_M": [[-0.2349296384063509, 0.24118623657325902, 0.021401817700485617]], "M_G1_M M_G1H2_M": [[-0.05609821881729274, 0.2869562835776562, 0.02546325261504895]], "M_G1C3_M M_G1C3H1_M": [[-0.2507917250885084, 0.13787820908948323, 0.012234712634218894]], "M_G1C3_M M_G1C3H2_M": [[-0.22654930838652423, 0.17167577302895237, 0.01523376147062842]], "M_G1C4_M M_G1C4H1_M": [[-0.2255347623839745, 0.13192310558851603, 0.0117062826486359]], "M_G1C4_M M_G1C4H2_M": [[-0.1988741246087153, 0.1574434156212136, 0.013970843971619056]], "M_G1C5_M M_G1C5H1_M": [[-0.24301268931358, 0.13176120660168028, 0.011691916436652242]], "M_G1C5_M M_G1C5H2_M": [[-0.2464167930258665, 0.11085885031517836, 0.009837132245356012]], "M_G1C6_M M_G1C6H1_M": [[-0.20951123372350838, 0.1046050471045711, 0.009282196946602038]], "M_G1C6_M M_G1C6H2_M": [[-0.18549041633735383, 0.14928859092048083, 0.013247220293484801]], "M_G1C7_M M_G1C7H1_M": [[-0.21230942614967513, 0.1185167538185766, 0.010516661297578101]], "M_G1C7_M M_G1C7H2_M": [[-0.206432319056512, 0.1163655073841492, 0.010325769044883366]], "M_G1C8_M M_G1C8H1_M": [[-0.20829831041525976, 0.09994600235791117, 0.008868773578241073]], "M_G1C8_M M_G1C8H2_M": [[-0.20530850083490054, 0.09754671565492336, 0.008655871310855897]], "M_G1C9_M M_G1C9H1_M": [[-0.2013224856471968, 0.09440647259512437, 0.008377219798829758]], "M_G1C9_M M_G1C9H2_M": [[-0.2109860862070994, 0.09755575058312498, 0.00865667303109108]], "M_G1C10_M M_G1C10H1_M": [[-0.18692465708138206, 0.09830192573892461, 0.008722885369257418]], "M_G1C10_M M_G1C10H2_M": [[-0.1976041977851112, 0.0903750086259603, 0.008019485219278331]], "M_G1C11_M M_G1C11H1_M": [[-0.19461933228945974, 0.07981769424135597, 0.007082675055165228]], "M_G1C11_M M_G1C11H2_M": [[-0.1844639422733796, 0.09090561236008075, 0.008066568687017559]], "M_G1C12_M M_G1C12H1_M": [[-0.16780583644378588, 0.08157814151536041, 0.007238889489972398]], "M_G1C12_M M_G1C12H2_M": [[-0.1637983718371591, 0.09123108311471669, 0.008095449546292635]], "M_G1C13_M M_G1C13H1_M": [[-0.1539457077158801, 0.07163987832191407, 0.006357011236272879]], "M_G1C13_M M_G1C13H2_M": [[-0.1535658215710426, 0.07696582539187813, 0.0068296126164067075]], "M_G1C14_M M_G1C14H1_M": [[-0.12099407633299157, 0.06891089172041437, 0.0061148528337778675]], "M_G1C14_M M_G1C14H2_M": [[-0.12172879222417268, 0.0717906466111344, 0.006370389758558199]], "M_G1C15_M M_G1C15H1_M": [[-0.09582172829076503, 0.0592354768103657, 0.005256298593604526]], "M_G1C15_M M_G1C15H2_M": [[-0.10508705704339294, 0.056541674842502124, 0.005017262322478358]], "M_G1C16_M M_G1C16H1_M": [[-0.05593293343764146, 0.046286507274494425, 0.004107263352815894]], "M_G1C16_M M_G1C16H2_M": [[-0.06053369015780709, 0.04511366346585269, 0.00400319029400323]], "M_G1C17_M M_G1C17H1_M": [[-0.015797230494247513, 0.01812737309343777, 0.0016085442513076522]], "M_G1C17_M M_G1C17H2_M": [[-0.01811746980065851, 0.016246440729394906, 0.0014416384936071648]], "M_G1C17_M M_G1C17H3_M": [[-0.017560076202771904, 0.016537127221957937, 0.001467432748744679]], "M_G2_M M_G2H1_M": [[-0.2753317443343314, 0.20192491937995355, 0.017917939162512577]], "M_G2C3_M M_G2C3H1_M": [[-0.09580622242455986, 0.22563368770458114, 0.020021752152822266]], "M_G2C3_M M_G2C3H2_M": [[-0.12833585556993107, 0.18567987182004034, 0.016476424292706245]], "M_G2C4_M M_G2C4H1_M": [[-0.14140458154114177, 0.1918566421612139, 0.017024524029647117]], "M_G2C4_M M_G2C4H2_M": [[-0.13591302913554548, 0.17101910719371, 0.01517549180028707]], "M_G2C5_M M_G2C5H1_M": [[-0.14269760127909784, 0.16640660887622008, 0.014766198759617516]], "M_G2C5_M M_G2C5H2_M": [[-0.13983960051771985, 0.16367369833305936, 0.014523692163604957]], "M_G2C6_M M_G2C6H1_M": [[-0.1702038992657148, 0.1519370474397563, 0.013482232806713266]], "M_G2C6_M M_G2C6H2_M": [[-0.1786785387096086, 0.14051555134298196, 0.01246873891583892]], "M_G2C7_M M_G2C7H1_M": [[-0.15677336107939058, 0.13557180421709902, 0.012030052296532976]], "M_G2C7_M M_G2C7H2_M": [[-0.14976459061732167, 0.1526005324056467, 0.013541107577051521]], "M_G2C8_M M_G2C8H1_M": [[-0.19869224752694978, 0.11012315089510682, 0.009771849478418599]], "M_G2C8_M M_G2C8H2_M": [[-0.19397809733756471, 0.1392900155841399, 0.012359990202525848]], "M_G2C9_M M_G2C9H1_M": [[-0.1519835912887886, 0.13274710981335938, 0.011779401199906014]], "M_G2C9_M M_G2C9H2_M": [[-0.14773947913163935, 0.12508131483643603, 0.011099171892643785]], "M_G2C10_M M_G2C10H1_M": [[-0.09664392401207497, 0.17123018425587663, 0.01519422186079727]], "M_G2C11_M M_G2C11H1_M": [[-0.027643081133010793, 0.1633845015229155, 0.014498030096406603]], "M_G2C12_M M_G2C12H1_M": [[-0.13974084716652868, 0.11170345773568392, 0.009912079034604688]], "M_G2C12_M M_G2C12H2_M": [[-0.12513976762995432, 0.12825565127647606, 0.011380848702958414]], "M_G2C13_M M_G2C13H1_M": [[-0.17435340546036573, 0.1086260364372559, 0.009639002052467099]], "M_G2C13_M M_G2C13H2_M": [[-0.16998184867980412, 0.11018536996569446, 0.009777370528148175]], "M_G2C14_M M_G2C14H1_M": [[-0.13822375679574617, 0.10430091418686864, 0.00925520951417694]], "M_G2C14_M M_G2C14H2_M": [[-0.14512355383092668, 0.09139056198101622, 0.008109601007305156]], "M_G2C15_M M_G2C15H1_M": [[-0.15180700446179285, 0.08394684465264388, 0.007449077904746683]], "M_G2C15_M M_G2C15H2_M": [[-0.14803264946965744, 0.08066483797774178, 0.0071578469060545324]], "M_G2C16_M M_G2C16H1_M": [[-0.1241659734042077, 0.07185888801291658, 0.006376445203766508]], "M_G2C16_M M_G2C16H2_M": [[-0.11466119318832806, 0.07963053699111174, 0.007066067534736364]], "M_G2C17_M M_G2C17H1_M": [[-0.10501272155863163, 0.06587644134693346, 0.005845588904637023]], "M_G2C17_M M_G2C17H2_M": [[-0.10196668587831986, 0.06886946701383136, 0.006111176985474158]], "M_G2C18_M M_G2C18H1_M": [[-0.06521435779081572, 0.05135421775845695, 0.004556949941393936]], "M_G2C18_M M_G2C18H2_M": [[-0.06601438574773523, 0.055270264663011645, 0.00490444291258748]], "M_G2C19_M M_G2C19H1_M": [[-0.020513384214913884, 0.01804440715045712, 0.0016011822143512796]], "M_G2C19_M M_G2C19H2_M": [[-0.020443280761595482, 0.02042177107159237, 0.0018121391494183175]], "M_G2C19_M M_G2C19H3_M": [[-0.02027898149936087, 0.020032831485378298, 0.001777626342058651]], "M_G3_M M_G3H1_M": [[-0.20463865733416134, 0.23169936636663804, 0.020559994097302525]], "M_G3_M M_G3H2_M": [[-0.20296526896941952, 0.22791542816164564, 0.020224223877559695]], "M_G3C4_M M_G3C4H1_M": [[0.1483940581828179, 0.31299217736547225, 0.027773564598157465]], "M_G3C4_M M_G3C4H2_M": [[0.046251563053974834, 0.3015123334390283, 0.026754893174636356]], "M_G3C5_M M_G3C5H1_M": [[0.13138516577701495, 0.3462189195632021, 0.03072196119574213]]}