{"headgroup": 0.15807559687529044, "tails": 0.4443666152932847, "total": 0.34893627582062}