{"10.1039/c2cp42738a": {"M_G1_M M_G1H1_M": [-0.05917425178188922, 0.1464991572865404, 0.012999698084218672, -0.14991575, 0.02, 0.020652846059869716], "M_G1_M M_G1H2_M": [-0.16897497870880315, 0.1297244244825257, 0.011511181249482826, 0.0, 0.02, 0.005181251702870315], "M_G1C3_M M_G1C3H1_M": [-0.23603406167213506, 0.08914968222007688, 0.007910755083036321, -0.20987741, 0.02, 0.2354571677187265], "M_G1C3_M M_G1C3H2_M": [-0.20169544475188966, 0.10654885241108811, 0.009454681775779582, -0.20987741, 0.02, 0.6821861653390164], "M_G1C4_M M_G1C4H1_M": [-0.2091721109293082, 0.08387728696261294, 0.007442905657843794, -0.18840908, 0.02, 0.4099943420708081], "M_G1C4_M M_G1C4H2_M": [-0.18110434820124555, 0.10228464891596277, 0.009076294902892142, -0.18840908, 0.02, 0.7002805433888412], "M_G1C5_M M_G1C5H1_M": [-0.22160814234856863, 0.07803375280815056, 0.006924375850848035, -0.18619612, 0.02, 0.09483762403984031], "M_G1C5_M M_G1C5H2_M": [-0.2275028737154369, 0.06887142307407274, 0.006111350557752958, -0.18619612, 0.02, 0.057286698227441035], "M_G1C6_M M_G1C6H1_M": [-0.15656516087399125, 0.0892969128854157, 0.007923819691963728, -0.20173615, 0.02, 0.05856500291552732], "M_G1C6_M M_G1C6H2_M": [-0.1670968750563689, 0.08946621193111459, 0.007938842552987612, -0.20173615, 0.02, 0.11224387019351356], "M_G1C7_M M_G1C7H1_M": [-0.17300974426074384, 0.08693783282857123, 0.00771448518749626, -0.19581075, 0.02, 0.3323751059007215], "M_G1C7_M M_G1C7H2_M": [-0.16838274401948833, 0.08160904021595049, 0.007241631306282508, -0.19581075, 0.02, 0.1977269250342737], "M_G1C8_M M_G1C8H1_M": [-0.16267212244532736, 0.0772020641046695, 0.006850575412363859, -0.19507116, 0.02, 0.11929170932773625], "M_G1C8_M M_G1C8H2_M": [-0.1667058513839812, 0.07642266610389346, 0.006781415023422406, -0.19507116, 0.02, 0.1724929413134966], "M_G1C9_M M_G1C9H1_M": [-0.16938231877546212, 0.06736677607221812, 0.005977834726606046, -0.18174699, 0.02, 0.7304291219215833], "M_G1C9_M M_G1C9H2_M": [-0.16944884787052555, 0.07908244426769952, 0.00701743217014802, -0.18174699, 0.02, 0.6966893955557942], "M_G1C10_M M_G1C10H1_M": [-0.15299239140046605, 0.06545893190866967, 0.005808540932858419, -0.17434532, 0.02, 0.3827377952261888], "M_G1C10_M M_G1C10H2_M": [-0.1576150194157669, 0.06689338559418773, 0.005935828114388458, -0.17434532, 0.02, 0.6092657140772608], "M_G1C11_M M_G1C11H1_M": [-0.149573120898923, 0.06811143385458275, 0.006043912419652907, -0.14991285, 0.02, 0.8131246359315687], "M_G1C11_M M_G1C11H2_M": [-0.15470374424834277, 0.06084573410390017, 0.005399185822729785, -0.14991285, 0.02, 0.8231597786194074], "M_G1C12_M M_G1C12H1_M": [-0.13313509745057972, 0.06134289850652196, 0.005443302029621427, -0.13658578, 0.02, 0.8262518291774905], "M_G1C12_M M_G1C12H2_M": [-0.1323279209428248, 0.05742399806688575, 0.005095555848134941, -0.13658578, 0.02, 0.8344491747544591], "M_G1C13_M M_G1C13H1_M": [-0.11755924269906001, 0.054075389267694216, 0.004798414866589873, -0.11585704, 0.02, 0.8490998116962734], "M_G1C13_M M_G1C13H2_M": [-0.12533926632983022, 0.04906749267813059, 0.004354035902866669, -0.11585704, 0.02, 0.8283946245206725], "M_G1C14_M M_G1C14H1_M": [-0.09802611981217685, 0.04702392932851961, 0.004172698978798519, -0.10623371, 0.02, 0.8449957270137611], "M_G1C14_M M_G1C14H2_M": [-0.10471329920792197, 0.04277172293589525, 0.0037953766766109145, -0.10623371, 0.02, 0.8799551979690916], "M_G1C15_M M_G1C15H1_M": [-0.08370392970731573, 0.039741458869825955, 0.0035264842221832816, -0.08994829, 0.02, 0.8775994655639514], "M_G1C15_M M_G1C15H2_M": [-0.08891709746908324, 0.03746887663342217, 0.0033248251581176483, -0.08994829, 0.02, 0.8948595395141252], "M_G1C16_M M_G1C16H1_M": [-0.049270425743460966, 0.031382366501244895, 0.002784734719576185, -0.06699789, 0.02, 0.6944186983881191], "M_G1C16_M M_G1C16H2_M": [-0.05427518313264844, 0.02945806048256991, 0.0026139801723981996, -0.06699789, 0.02, 0.8648590507821472], "M_G1C17_M M_G1C17H1_M": [-0.0145880014857054, 0.012961153487223733, 0.0011501163916429343, -0.01813583, 0.02, 0.9622497036110658], "M_G1C17_M M_G1C17H2_M": [-0.014285582137800084, 0.014177068678838462, 0.0012580114176606613, -0.01813583, 0.02, 0.958480587445338], "M_G1C17_M M_G1C17H3_M": [-0.01571666042528322, 0.011490919481828107, 0.001019654220137661, -0.01813583, 0.02, 0.9670921042844299], "M_G2_M M_G2H1_M": [-0.20217306137369023, 0.1241197073981614, 0.01101384303065819, -0.20691616, 0.02, 0.6676643563965392], "M_G2C3_M M_G2C3H1_M": [-0.1102042890282533, 0.1140115353371806, 0.01011688780299725, -0.0795825, 0.02, 0.17946420588026613], "M_G2C3_M M_G2C3H2_M": [-0.08049483795145364, 0.11536576232530428, 0.010237056016311101, -0.122519, 0.02, 0.08642967896725129], "M_G2C4_M M_G2C4H1_M": [-0.15777100708286262, 0.10283065654618506, 0.009124745245379004, -0.180265, 0.02, 0.34774482126563877], "M_G2C4_M M_G2C4H2_M": [-0.1455306697189332, 0.1001521819578198, 0.008887069059249847, -0.180265, 0.02, 0.12152200931983217], "M_G2C5_M M_G2C5H1_M": [-0.15157085604027376, 0.08969086078022881, 0.007958776914847046, -0.186187, 0.02, 0.112656979592195], "M_G2C5_M M_G2C5H2_M": [-0.11803366532497908, 0.09044056242475867, 0.008025302178286401, -0.186187, 0.02, 0.023668194978094886], "M_G2C6_M M_G2C6H1_M": [-0.1725844009449396, 0.08654879167825316, 0.007679963367779713, -0.193592, 0.02, 0.3995445328535855], "M_G2C6_M M_G2C6H2_M": [-0.16417610231543886, 0.07331977474618546, 0.006506077938995086, -0.193592, 0.02, 0.15079336925675405], "M_G2C7_M M_G2C7H1_M": [-0.14877631556014329, 0.08650291248484894, 0.007675892247688313, -0.166198, 0.02, 0.5387523790759803], "M_G2C7_M M_G2C7H2_M": [-0.16851259887465553, 0.0711598225130423, 0.006314413171584341, -0.166198, 0.02, 0.8030628283915782], "M_G2C8_M M_G2C8H1_M": [-0.17903885794062202, 0.07761522365100057, 0.006887237393650287, -0.154356, 0.02, 0.26124749741415676], "M_G2C8_M M_G2C8H2_M": [-0.18602730069682713, 0.0739433155171938, 0.006561408235199145, -0.154356, 0.02, 0.12281703799474075], "M_G2C9_M M_G2C9H1_M": [-0.14070291879978142, 0.07060022159258549, 0.00626475661964008, -0.1203, 0.02, 0.430589763448491], "M_G2C9_M M_G2C9H2_M": [-0.14792445229894374, 0.07120738235952563, 0.0063186334255207225, -0.1203, 0.02, 0.1782889231498168], "M_G2C10_M M_G2C10H1_M": [-0.09432145473894979, 0.09668664868291864, 0.008579552708241678, -0.108455, 0.02, 0.6125225402646759], "M_G2C11_M M_G2C11H1_M": [-0.015407436552416397, 0.09326919832866418, 0.008276303026496267, -0.0225792, 0.02, 0.7235059558308354], "M_G2C12_M M_G2C12H1_M": [-0.10328212820541782, 0.059107225049463495, 0.0052449180901164615, -0.0581141, 0.02, 0.03983508860085305], "M_G2C12_M M_G2C12H2_M": [-0.1031693662953013, 0.06499768703934032, 0.005767612069135001, -0.0581141, 0.02, 0.04387208987857705], "M_G2C13_M M_G2C13H1_M": [-0.1359955862661592, 0.05660865315452775, 0.005023205686594923, -0.0995716, 0.02, 0.06621456068704101], "M_G2C13_M M_G2C13H2_M": [-0.13267949303562798, 0.05642871151484182, 0.005007238448065891, -0.0995716, 0.02, 0.08622654480383007], "M_G2C14_M M_G2C14H1_M": [-0.10772823585431361, 0.044414564199014524, 0.0039411552654875425, -0.106234, 0.02, 0.8754840259001124], "M_G2C14_M M_G2C14H2_M": [-0.10625528328051924, 0.04558619528637572, 0.004045120712687966, -0.106234, 0.02, 0.8729535530854169], "M_G2C15_M M_G2C15H1_M": [-0.11930037527590799, 0.041163053302896914, 0.0036526303295768042, -0.0943887, 0.02, 0.17770680107068815], "M_G2C15_M M_G2C15H2_M": [-0.11750090131215331, 0.03705711086120699, 0.0032882868542846596, -0.0943887, 0.02, 0.23452344099434408], "M_G2C16_M M_G2C16H1_M": [-0.09294891370227024, 0.0327276324149393, 0.0029041077661174195, -0.0943887, 0.02, 0.9077392369769529], "M_G2C16_M M_G2C16H2_M": [-0.09437582846469801, 0.04001670693665239, 0.003550908538563545, -0.0943887, 0.02, 0.8881367048303817], "M_G2C17_M M_G2C17H1_M": [-0.07781101588836287, 0.034338350725024606, 0.003047035903846412, -0.0899483, 0.02, 0.8522276165763196],