{"10.1039/c2cp42738a": {"M_G1_M M_G1H1_M": [-0.03122895730594525, 0.17528987348101424, 0.015554461026810502, -0.14991575, 0.02, 0.014209285903536546], "M_G1_M M_G1H2_M": [-0.14288365542718143, 0.15397965703459454, 0.013663485098730816, 0.0, 0.02, 0.00860918585799153], "M_G1C3_M M_G1C3H1_M": [-0.1798940044896507, 0.11390739714606021, 0.0101076470328203, -0.20987741, 0.02, 0.18845622541297674], "M_G1C3_M M_G1C3H2_M": [-0.205315529774943, 0.10601459436775507, 0.009407274040533634, -0.20987741, 0.02, 0.7093712122178164], "M_G1C4_M M_G1C4H1_M": [-0.16606767235513628, 0.10405470473148876, 0.009233361957885825, -0.18840908, 0.02, 0.35260519702273385], "M_G1C4_M M_G1C4H2_M": [-0.18020055249899813, 0.09827954477580221, 0.008720899379926051, -0.18840908, 0.02, 0.7018565329972721], "M_G1C5_M M_G1C5H1_M": [-0.22072226634083628, 0.08235385657528838, 0.007307723070760316, -0.18619612, 0.02, 0.10595744351503056], "M_G1C5_M M_G1C5H2_M": [-0.2140393931926972, 0.08539630952869207, 0.007577697114039821, -0.18619612, 0.02, 0.19451825363464825], "M_G1C6_M M_G1C6H1_M": [-0.15566665730851545, 0.07799677107677158, 0.006921094252841173, -0.20173615, 0.02, 0.04937814375102727], "M_G1C6_M M_G1C6H2_M": [-0.13353412210358626, 0.09974799268389849, 0.008851203060924823, -0.20173615, 0.02, 0.02597008673640166], "M_G1C7_M M_G1C7H1_M": [-0.154949384141872, 0.09205639806098617, 0.0081686844052817, -0.19581075, 0.02, 0.07632991814152534], "M_G1C7_M M_G1C7H2_M": [-0.144936533430636, 0.0910419617487466, 0.008078667738776314, -0.19581075, 0.02, 0.04533682170135705], "M_G1C8_M M_G1C8H1_M": [-0.15125019366905984, 0.08456372829459025, 0.007503817476270026, -0.19507116, 0.02, 0.05988371920769282], "M_G1C8_M M_G1C8H2_M": [-0.15052124675514644, 0.08928982631987335, 0.007923190860957387, -0.19507116, 0.02, 0.060494927837323194], "M_G1C9_M M_G1C9H1_M": [-0.14742755301135368, 0.09182440491267749, 0.008148098342252535, -0.18174699, 0.02, 0.11727747656773552], "M_G1C9_M M_G1C9H2_M": [-0.14773140888338604, 0.07595576664239613, 0.006739984395782153, -0.18174699, 0.02, 0.10316677371682115], "M_G1C10_M M_G1C10H1_M": [-0.13001550026845504, 0.07985181910840342, 0.007085703147455979, -0.17434532, 0.02, 0.055287974166851994], "M_G1C10_M M_G1C10H2_M": [-0.13070350234960043, 0.07992257700219109, 0.007091981895220486, -0.17434532, 0.02, 0.05744121983732693], "M_G1C11_M M_G1C11H1_M": [-0.13132735952436034, 0.07369410309226221, 0.006539294208450104, -0.14991285, 0.02, 0.5143706933225006], "M_G1C11_M M_G1C11H2_M": [-0.13144812476733872, 0.06896433582253285, 0.006119595230968341, -0.14991285, 0.02, 0.5280212362636122], "M_G1C12_M M_G1C12H1_M": [-0.11468488835672341, 0.06898910385127488, 0.006121793038121305, -0.13658578, 0.02, 0.3579866076065728], "M_G1C12_M M_G1C12H2_M": [-0.11823273309440402, 0.058200263326958115, 0.005164438251290821, -0.13658578, 0.02, 0.55565874569497], "M_G1C13_M M_G1C13H1_M": [-0.10474946480061217, 0.0564223896786425, 0.005006677475815598, -0.11585704, 0.02, 0.7859784321718158], "M_G1C13_M M_G1C13H2_M": [-0.10645608258169892, 0.057528056736887365, 0.005104789561953652, -0.11585704, 0.02, 0.802407666782335], "M_G1C14_M M_G1C14H1_M": [-0.08338024584292533, 0.04677669796570619, 0.004150760742886088, -0.10623371, 0.02, 0.27756013162398097], "M_G1C14_M M_G1C14H2_M": [-0.0819490878836347, 0.04296520078425948, 0.0038125450594282966, -0.10623371, 0.02, 0.20412655492554987], "M_G1C15_M M_G1C15H1_M": [-0.0702601683811421, 0.038282562557667085, 0.003397028108267548, -0.08994829, 0.02, 0.5019631989270734], "M_G1C15_M M_G1C15H2_M": [-0.06764381874365316, 0.0382431402640506, 0.003393529945381878, -0.08994829, 0.02, 0.28463430644886534], "M_G1C16_M M_G1C16H1_M": [-0.04217677372395298, 0.03212659918629416, 0.0028507746913360547, -0.06699789, 0.02, 0.14976083255472636], "M_G1C16_M M_G1C16H2_M": [-0.048323813397606614, 0.03103839470270691, 0.0027542121581273604, -0.06699789, 0.02, 0.6201857625866858], "M_G1C17_M M_G1C17H1_M": [-0.01349705982319397, 0.01280466523618927, 0.0011362303048226769, -0.01813583, 0.02, 0.9618296008776432], "M_G1C17_M M_G1C17H2_M": [-0.01084218799193519, 0.013047001720564038, 0.0011577341905105736, -0.01813583, 0.02, 0.9575833047933702], "M_G1C17_M M_G1C17H3_M": [-0.012982665145665151, 0.013599009134306053, 0.0012067169276935668, -0.01813583, 0.02, 0.9589261033370837], "M_G2_M M_G2H1_M": [-0.18720015974950435, 0.14083367321465626, 0.012496967667200702, -0.20691616, 0.02, 0.41019576542780584], "M_G2C3_M M_G2C3H1_M": [-0.08323011172597478, 0.12306226506788077, 0.010920010197147525, -0.0795825, 0.02, 0.6748816573781371], "M_G2C3_M M_G2C3H2_M": [-0.03245975922832786, 0.1462158239524754, 0.012974556316386958, -0.122519, 0.02, 0.020936509958044282], "M_G2C4_M M_G2C4H1_M": [-0.06670248659240158, 0.14941691062368292, 0.013258606825877074, -0.180265, 0.02, 0.013313781528251849], "M_G2C4_M M_G2C4H2_M": [-0.13212258202367866, 0.1126336911504442, 0.00999462390219108, -0.180265, 0.02, 0.06226660962665092], "M_G2C5_M M_G2C5H1_M": [-0.1080478917144811, 0.10832569414755804, 0.009612350983885465, -0.186187, 0.02, 0.021077414267638636], "M_G2C5_M M_G2C5H2_M": [-0.15547645252651743, 0.08505187756457644, 0.007547133719498923, -0.186187, 0.02, 0.1483621296477699], "M_G2C6_M M_G2C6H1_M": [-0.15753160256603888, 0.0928363257349404, 0.008237891795117405, -0.193592, 0.02, 0.10441744432288744], "M_G2C6_M M_G2C6H2_M": [-0.15658962151531547, 0.0831537450119592, 0.00737870169186897, -0.193592, 0.02, 0.0893568799261773], "M_G2C7_M M_G2C7H1_M": [-0.12291289153506932, 0.10296898747749315, 0.009137020130613986, -0.166198, 0.02, 0.07338557853115513], "M_G2C7_M M_G2C7H2_M": [-0.15035443284899092, 0.08874462347151771, 0.007874811931313327, -0.166198, 0.02, 0.5857483867039057], "M_G2C8_M M_G2C8H1_M": [-0.1655359484823708, 0.0905500712397225, 0.00803501951426606, -0.154356, 0.02, 0.6845334908267036], "M_G2C8_M M_G2C8H2_M": [-0.15923123164103953, 0.09062639691404024, 0.008041792322660201, -0.154356, 0.02, 0.7449183986516197], "M_G2C9_M M_G2C9H1_M": [-0.1408911422259651, 0.08369335059131623, 0.007426583944204942, -0.1203, 0.02, 0.4171153202569883], "M_G2C9_M M_G2C9H2_M": [-0.12464552281568977, 0.08786806378905528, 0.0077970298373008515, -0.1203, 0.02, 0.7542500106132588], "M_G2C10_M M_G2C10H1_M": [-0.09058037292129137, 0.11054079105009183, 0.00980890904943055, -0.108455, 0.02, 0.4872559733890193], "M_G2C11_M M_G2C11H1_M": [0.006368902303714752, 0.1095293333015704, 0.009719156687715563, -0.0225792, 0.02, 0.20074814158218288], "M_G2C12_M M_G2C12H1_M": [-0.08328845780814156, 0.081492840824675, 0.007231320277658659, -0.0581141, 0.02, 0.2517774739766262], "M_G2C12_M M_G2C12H2_M": [-0.08464683889726046, 0.06542722950419724, 0.005805727799361144, -0.0581141, 0.02, 0.19175585720149724], "M_G2C13_M M_G2C13H1_M": [-0.11004123256498344, 0.06946315666168071, 0.006163858422833367, -0.0995716, 0.02, 0.75372508592359], "M_G2C13_M M_G2C13H2_M": [-0.10960645855240159, 0.07638075902987639, 0.006777696371930443, -0.0995716, 0.02, 0.7392353718586833], "M_G2C14_M M_G2C14H1_M": [-0.08307962221524072, 0.06039960461154231, 0.00535959823182116, -0.106234, 0.02, 0.29134177279235485], "M_G2C14_M M_G2C14H2_M": [-0.07958855194725173, 0.06072051401240044, 0.005388074336399588, -0.106234, 0.02, 0.18025415613025034], "M_G2C15_M M_G2C15H1_M": [-0.08750442427558597, 0.05411390446851586, 0.004801832538005928, -0.0943887, 0.02, 0.8320266840083111], "M_G2C15_M M_G2C15H2_M": [-0.0915361363774109, 0.05205317933152141, 0.004618972751562984, -0.0943887, 0.02, 0.8527636883366562], "M_G2C16_M M_G2C16H1_M": [-0.06830182408901253, 0.04365706310483087, 0.0038739379128061727, -0.0943887, 0.02, 0.15371954340316527], "M_G2C16_M M_G2C16H2_M": [-0.06797468895514713, 0.047430562963827604, 0.004208781879122327, -0.0943887, 0.02, 0.15606083041634963], "M_G2C17_M M_G2C17H1_M": [-0.05974722544117819, 0.03803812461771685, 0.0033753377485512374, -0.0899483, 0.02, 0.0803433760749732],