{"M_G1_M M_G1H1_M": [[-0.03122895730594525, 0.17528987348101424, 0.015554461026810502]], "M_G1_M M_G1H2_M": [[-0.14288365542718143, 0.15397965703459454, 0.013663485098730816]], "M_G1C3_M M_G1C3H1_M": [[-0.1798940044896507, 0.11390739714606021, 0.0101076470328203]], "M_G1C3_M M_G1C3H2_M": [[-0.205315529774943, 0.10601459436775507, 0.009407274040533634]], "M_G1C4_M M_G1C4H1_M": [[-0.16606767235513628, 0.10405470473148876, 0.009233361957885825]], "M_G1C4_M M_G1C4H2_M": [[-0.18020055249899813, 0.09827954477580221, 0.008720899379926051]], "M_G1C5_M M_G1C5H1_M": [[-0.22072226634083628, 0.08235385657528838, 0.007307723070760316]], "M_G1C5_M M_G1C5H2_M": [[-0.2140393931926972, 0.08539630952869207, 0.007577697114039821]], "M_G1C6_M M_G1C6H1_M": [[-0.15566665730851545, 0.07799677107677158, 0.006921094252841173]], "M_G1C6_M M_G1C6H2_M": [[-0.13353412210358626, 0.09974799268389849, 0.008851203060924823]], "M_G1C7_M M_G1C7H1_M": [[-0.154949384141872, 0.09205639806098617, 0.0081686844052817]], "M_G1C7_M M_G1C7H2_M": [[-0.144936533430636, 0.0910419617487466, 0.008078667738776314]], "M_G1C8_M M_G1C8H1_M": [[-0.15125019366905984, 0.08456372829459025, 0.007503817476270026]], "M_G1C8_M M_G1C8H2_M": [[-0.15052124675514644, 0.08928982631987335, 0.007923190860957387]], "M_G1C9_M M_G1C9H1_M": [[-0.14742755301135368, 0.09182440491267749, 0.008148098342252535]], "M_G1C9_M M_G1C9H2_M": [[-0.14773140888338604, 0.07595576664239613, 0.006739984395782153]], "M_G1C10_M M_G1C10H1_M": [[-0.13001550026845504, 0.07985181910840342, 0.007085703147455979]], "M_G1C10_M M_G1C10H2_M": [[-0.13070350234960043, 0.07992257700219109, 0.007091981895220486]], "M_G1C11_M M_G1C11H1_M": [[-0.13132735952436034, 0.07369410309226221, 0.006539294208450104]], "M_G1C11_M M_G1C11H2_M": [[-0.13144812476733872, 0.06896433582253285, 0.006119595230968341]], "M_G1C12_M M_G1C12H1_M": [[-0.11468488835672341, 0.06898910385127488, 0.006121793038121305]], "M_G1C12_M M_G1C12H2_M": [[-0.11823273309440402, 0.058200263326958115, 0.005164438251290821]], "M_G1C13_M M_G1C13H1_M": [[-0.10474946480061217, 0.0564223896786425, 0.005006677475815598]], "M_G1C13_M M_G1C13H2_M": [[-0.10645608258169892, 0.057528056736887365, 0.005104789561953652]], "M_G1C14_M M_G1C14H1_M": [[-0.08338024584292533, 0.04677669796570619, 0.004150760742886088]], "M_G1C14_M M_G1C14H2_M": [[-0.0819490878836347, 0.04296520078425948, 0.0038125450594282966]], "M_G1C15_M M_G1C15H1_M": [[-0.0702601683811421, 0.038282562557667085, 0.003397028108267548]], "M_G1C15_M M_G1C15H2_M": [[-0.06764381874365316, 0.0382431402640506, 0.003393529945381878]], "M_G1C16_M M_G1C16H1_M": [[-0.04217677372395298, 0.03212659918629416, 0.0028507746913360547]], "M_G1C16_M M_G1C16H2_M": [[-0.048323813397606614, 0.03103839470270691, 0.0027542121581273604]], "M_G1C17_M M_G1C17H1_M": [[-0.01349705982319397, 0.01280466523618927, 0.0011362303048226769]], "M_G1C17_M M_G1C17H2_M": [[-0.01084218799193519, 0.013047001720564038, 0.0011577341905105736]], "M_G1C17_M M_G1C17H3_M": [[-0.012982665145665151, 0.013599009134306053, 0.0012067169276935668]], "M_G2_M M_G2H1_M": [[-0.18720015974950435, 0.14083367321465626, 0.012496967667200702]], "M_G2C3_M M_G2C3H1_M": [[-0.08323011172597478, 0.12306226506788077, 0.010920010197147525]], "M_G2C3_M M_G2C3H2_M": [[-0.03245975922832786, 0.1462158239524754, 0.012974556316386958]], "M_G2C4_M M_G2C4H1_M": [[-0.06670248659240158, 0.14941691062368292, 0.013258606825877074]], "M_G2C4_M M_G2C4H2_M": [[-0.13212258202367866, 0.1126336911504442, 0.00999462390219108]], "M_G2C5_M M_G2C5H1_M": [[-0.1080478917144811, 0.10832569414755804, 0.009612350983885465]], "M_G2C5_M M_G2C5H2_M": [[-0.15547645252651743, 0.08505187756457644, 0.007547133719498923]], "M_G2C6_M M_G2C6H1_M": [[-0.15753160256603888, 0.0928363257349404, 0.008237891795117405]], "M_G2C6_M M_G2C6H2_M": [[-0.15658962151531547, 0.0831537450119592, 0.00737870169186897]], "M_G2C7_M M_G2C7H1_M": [[-0.12291289153506932, 0.10296898747749315, 0.009137020130613986]], "M_G2C7_M M_G2C7H2_M": [[-0.15035443284899092, 0.08874462347151771, 0.007874811931313327]], "M_G2C8_M M_G2C8H1_M": [[-0.1655359484823708, 0.0905500712397225, 0.00803501951426606]], "M_G2C8_M M_G2C8H2_M": [[-0.15923123164103953, 0.09062639691404024, 0.008041792322660201]], "M_G2C9_M M_G2C9H1_M": [[-0.1408911422259651, 0.08369335059131623, 0.007426583944204942]], "M_G2C9_M M_G2C9H2_M": [[-0.12464552281568977, 0.08786806378905528, 0.0077970298373008515]], "M_G2C10_M M_G2C10H1_M": [[-0.09058037292129137, 0.11054079105009183, 0.00980890904943055]], "M_G2C11_M M_G2C11H1_M": [[0.006368902303714752, 0.1095293333015704, 0.009719156687715563]], "M_G2C12_M M_G2C12H1_M": [[-0.08328845780814156, 0.081492840824675, 0.007231320277658659]], "M_G2C12_M M_G2C12H2_M": [[-0.08464683889726046, 0.06542722950419724, 0.005805727799361144]], "M_G2C13_M M_G2C13H1_M": [[-0.11004123256498344, 0.06946315666168071, 0.006163858422833367]], "M_G2C13_M M_G2C13H2_M": [[-0.10960645855240159, 0.07638075902987639, 0.006777696371930443]], "M_G2C14_M M_G2C14H1_M": [[-0.08307962221524072, 0.06039960461154231, 0.00535959823182116]], "M_G2C14_M M_G2C14H2_M": [[-0.07958855194725173, 0.06072051401240044, 0.005388074336399588]], "M_G2C15_M M_G2C15H1_M": [[-0.08750442427558597, 0.05411390446851586, 0.004801832538005928]], "M_G2C15_M M_G2C15H2_M": [[-0.0915361363774109, 0.05205317933152141, 0.004618972751562984]], "M_G2C16_M M_G2C16H1_M": [[-0.06830182408901253, 0.04365706310483087, 0.0038739379128061727]], "M_G2C16_M M_G2C16H2_M": [[-0.06797468895514713, 0.047430562963827604, 0.004208781879122327]], "M_G2C17_M M_G2C17H1_M": [[-0.05974722544117819, 0.03803812461771685, 0.0033753377485512374]], "M_G2C17_M M_G2C17H2_M": [[-0.061625692106917866, 0.03476207220821206, 0.003084635105474995]], "M_G2C18_M M_G2C18H1_M": [[-0.03888649736170692, 0.02681004022521343, 0.002379006371155099]], "M_G2C18_M M_G2C18H2_M": [[-0.03682277512321275, 0.027611080154198185, 0.0024500871706837836]], "M_G2C19_M M_G2C19H1_M": [[-0.011714809879788785, 0.01209512909876995, 0.001073269153802177]], "M_G2C19_M M_G2C19H2_M": [[-0.012378858184614093, 0.01018192447122298, 0.0009034996957922933]], "M_G2C19_M M_G2C19H3_M": [[-0.01240770488133381, 0.009604525587275493, 0.0008522638299722533]], "M_G3_M M_G3H1_M": [[-0.27475831388662486, 0.08322803077988399, 0.007385293487841473]], "M_G3_M M_G3H2_M": [[-0.19562440928716124, 0.12675240939132495, 0.011247457555756835]], "M_G3C4_M M_G3C4H1_M": [[0.11962035614910341, 0.07963397468162235, 0.00706637258044156]], "M_G3C4_M M_G3C4H2_M": [[0.1030784863098754, 0.07654719545509181, 0.006792465216462328]], "M_G3C5_M M_G3C5H1_M": [[-0.047764967988557255, 0.08076821414811361, 0.007167020057824327]], "M_G3C5_M M_G3C5H2_M": [[-0.04008332213633708, 0.0793700653856601, 0.007042954417274807]], "M_G3N6C1_M M_G3N6C1H1_M": [[0.017891860351861313, 0.010792529004378963, 0.0009576820865097883]], "M_G3N6C1_M M_G3N6C1H2_M": [[0.0175250266246261, 0.010584638426261745, 0.0009392347807359291]], "M_G3N6C1_M M_G3N6C1H3_M": [[0.018017443439911407, 0.010423449932276488, 0.0009249316147978493]], "M_G3N6C2_M M_G3N6C2H1_M": [[0.01873638137509083, 0.00996312866666096, 0.0008840847076511891]], "M_G3N6C2_M M_G3N6C2H2_M": [[0.018456824333189622, 0.010040830404425187, 0.000890979621930992]], "M_G3N6C2_M M_G3N6C2H3_M": [[0.018975489346892045, 0.009727745149838872, 0.0008631977980650552]], "M_G3N6C3_M M_G3N6C3H1_M": [[0.01980802951968341, 0.010913579191685459, 0.0009684235536770342]], "M_G3N6C3_M M_G3N6C3H2_M": [[0.018642255579276776, 0.009466153672400801, 0.0008399853080338103]], "M_G3N6C3_M M_G3N6C3H3_M": [[0.018724381531462456, 0.010174286010447056, 0.0009028218920031498]]}