{"headgroup": 0.5639678475730352, "tails": 0.375631107327343, "total": 0.4384100207425738}